Command line invocation:
    /Applications/Xcode.app/Contents/Developer/usr/bin/xcodebuild -workspace doctoroncall.xcworkspace -scheme doctoroncall -configuration Debug -destination "platform=iOS Simulator,name=iPhone 16e"

ComputePackagePrebuildTargetDependencyGraph

Prepare packages

CreateBuildRequest

SendProjectDescription

CreateBuildOperation

ComputeTargetDependencyGraph
note: Building targets in dependency order
note: Target dependency graph (137 targets)
    Target 'doctoroncall' in project 'doctoroncall'
        ➜ Implicit dependency on target 'Pods-doctoroncall' in project 'Pods' via file 'Pods_doctoroncall.framework' in build phase 'Link Binary'
        ➜ Implicit dependency on target 'BVLinearGradient' in project 'Pods' via options '-framework BVLinearGradient' in build setting 'OTHER_LDFLAGS'
        ➜ Implicit dependency on target 'React-CoreModules' in project 'Pods' via options '-framework CoreModules' in build setting 'OTHER_LDFLAGS'
        ➜ Implicit dependency on target 'DoubleConversion' in project 'Pods' via options '-framework DoubleConversion' in build setting 'OTHER_LDFLAGS'
        ➜ Implicit dependency on target 'React-RCTFBReactNativeSpec' in project 'Pods' via options '-framework FBReactNativeSpec' in build setting 'OTHER_LDFLAGS'
        ➜ Implicit dependency on target 'FirebaseAppCheckInterop' in project 'Pods' via options '-framework FirebaseAppCheckInterop' in build setting 'OTHER_LDFLAGS'
        ➜ Implicit dependency on target 'FirebaseAuth' in project 'Pods' via options '-framework FirebaseAuth' in build setting 'OTHER_LDFLAGS'
        ➜ Implicit dependency on target 'FirebaseAuthInterop' in project 'Pods' via options '-framework FirebaseAuthInterop' in build setting 'OTHER_LDFLAGS'
        ➜ Implicit dependency on target 'FirebaseCore' in project 'Pods' via options '-framework FirebaseCore' in build setting 'OTHER_LDFLAGS'
        ➜ Implicit dependency on target 'FirebaseCoreExtension' in project 'Pods' via options '-framework FirebaseCoreExtension' in build setting 'OTHER_LDFLAGS'
        ➜ Implicit dependency on target 'FirebaseCoreInternal' in project 'Pods' via options '-framework FirebaseCoreInternal' in build setting 'OTHER_LDFLAGS'
        ➜ Implicit dependency on target 'FirebaseFirestore' in project 'Pods' via options '-framework FirebaseFirestore' in build setting 'OTHER_LDFLAGS'
        ➜ Implicit dependency on target 'FirebaseFirestoreInternal' in project 'Pods' via options '-framework FirebaseFirestoreInternal' in build setting 'OTHER_LDFLAGS'
        ➜ Implicit dependency on target 'FirebaseSharedSwift' in project 'Pods' via options '-framework FirebaseSharedSwift' in build setting 'OTHER_LDFLAGS'
        ➜ Implicit dependency on target 'GTMSessionFetcher' in project 'Pods' via options '-framework GTMSessionFetcher' in build setting 'OTHER_LDFLAGS'
        ➜ Implicit dependency on target 'GoogleUtilities' in project 'Pods' via options '-framework GoogleUtilities' in build setting 'OTHER_LDFLAGS'
        ➜ Implicit dependency on target 'React-jsitooling' in project 'Pods' via options '-framework JSITooling' in build setting 'OTHER_LDFLAGS'
        ➜ Implicit dependency on target 'PurchasesHybridCommon' in project 'Pods' via options '-framework PurchasesHybridCommon' in build setting 'OTHER_LDFLAGS'
        ➜ Implicit dependency on target 'PurchasesHybridCommonUI' in project 'Pods' via options '-framework PurchasesHybridCommonUI' in build setting 'OTHER_LDFLAGS'
        ➜ Implicit dependency on target 'React-RCTAnimation' in project 'Pods' via options '-framework RCTAnimation' in build setting 'OTHER_LDFLAGS'
        ➜ Implicit dependency on target 'React-RCTBlob' in project 'Pods' via options '-framework RCTBlob' in build setting 'OTHER_LDFLAGS'
        ➜ Implicit dependency on target 'RCTDeprecation' in project 'Pods' via options '-framework RCTDeprecation' in build setting 'OTHER_LDFLAGS'
        ➜ Implicit dependency on target 'React-RCTFabric' in project 'Pods' via options '-framework RCTFabric' in build setting 'OTHER_LDFLAGS'
        ➜ Implicit dependency on target 'React-RCTImage' in project 'Pods' via options '-framework RCTImage' in build setting 'OTHER_LDFLAGS'
        ➜ Implicit dependency on target 'React-RCTLinking' in project 'Pods' via options '-framework RCTLinking' in build setting 'OTHER_LDFLAGS'
        ➜ Implicit dependency on target 'React-RCTNetwork' in project 'Pods' via options '-framework RCTNetwork' in build setting 'OTHER_LDFLAGS'
        ➜ Implicit dependency on target 'React-RCTRuntime' in project 'Pods' via options '-framework RCTRuntime' in build setting 'OTHER_LDFLAGS'
        ➜ Implicit dependency on target 'React-RCTSettings' in project 'Pods' via options '-framework RCTSettings' in build setting 'OTHER_LDFLAGS'
        ➜ Implicit dependency on target 'React-RCTText' in project 'Pods' via options '-framework RCTText' in build setting 'OTHER_LDFLAGS'
        ➜ Implicit dependency on target 'RCTTypeSafety' in project 'Pods' via options '-framework RCTTypeSafety' in build setting 'OTHER_LDFLAGS'
        ➜ Implicit dependency on target 'React-RCTVibration' in project 'Pods' via options '-framework RCTVibration' in build setting 'OTHER_LDFLAGS'
        ➜ Implicit dependency on target 'RNCAsyncStorage' in project 'Pods' via options '-framework RNCAsyncStorage' in build setting 'OTHER_LDFLAGS'
        ➜ Implicit dependency on target 'RNCMaskedView' in project 'Pods' via options '-framework RNCMaskedView' in build setting 'OTHER_LDFLAGS'
        ➜ Implicit dependency on target 'RNDeviceInfo' in project 'Pods' via options '-framework RNDeviceInfo' in build setting 'OTHER_LDFLAGS'
        ➜ Implicit dependency on target 'RNFBApp' in project 'Pods' via options '-framework RNFBApp' in build setting 'OTHER_LDFLAGS'
        ➜ Implicit dependency on target 'RNFBAuth' in project 'Pods' via options '-framework RNFBAuth' in build setting 'OTHER_LDFLAGS'
        ➜ Implicit dependency on target 'RNFBFirestore' in project 'Pods' via options '-framework RNFBFirestore' in build setting 'OTHER_LDFLAGS'
        ➜ Implicit dependency on target 'RNGestureHandler' in project 'Pods' via options '-framework RNGestureHandler' in build setting 'OTHER_LDFLAGS'
        ➜ Implicit dependency on target 'RNPaywalls' in project 'Pods' via options '-framework RNPaywalls' in build setting 'OTHER_LDFLAGS'
        ➜ Implicit dependency on target 'RNPurchases' in project 'Pods' via options '-framework RNPurchases' in build setting 'OTHER_LDFLAGS'
        ➜ Implicit dependency on target 'RNReanimated' in project 'Pods' via options '-framework RNReanimated' in build setting 'OTHER_LDFLAGS'
        ➜ Implicit dependency on target 'RNScreens' in project 'Pods' via options '-framework RNScreens' in build setting 'OTHER_LDFLAGS'
        ➜ Implicit dependency on target 'RNVectorIcons' in project 'Pods' via options '-framework RNVectorIcons' in build setting 'OTHER_LDFLAGS'
        ➜ Implicit dependency on target 'React-Core' in project 'Pods' via options '-framework React' in build setting 'OTHER_LDFLAGS'
        ➜ Implicit dependency on target 'ReactAppDependencyProvider' in project 'Pods' via options '-framework ReactAppDependencyProvider' in build setting 'OTHER_LDFLAGS'
        ➜ Implicit dependency on target 'ReactCodegen' in project 'Pods' via options '-framework ReactCodegen' in build setting 'OTHER_LDFLAGS'
        ➜ Implicit dependency on target 'ReactCommon' in project 'Pods' via options '-framework ReactCommon' in build setting 'OTHER_LDFLAGS'
        ➜ Implicit dependency on target 'React-Fabric' in project 'Pods' via options '-framework React_Fabric' in build setting 'OTHER_LDFLAGS'
        ➜ Implicit dependency on target 'React-FabricComponents' in project 'Pods' via options '-framework React_FabricComponents' in build setting 'OTHER_LDFLAGS'
        ➜ Implicit dependency on target 'React-FabricImage' in project 'Pods' via options '-framework React_FabricImage' in build setting 'OTHER_LDFLAGS'
        ➜ Implicit dependency on target 'React-ImageManager' in project 'Pods' via options '-framework React_ImageManager' in build setting 'OTHER_LDFLAGS'
        ➜ Implicit dependency on target 'React-Mapbuffer' in project 'Pods' via options '-framework React_Mapbuffer' in build setting 'OTHER_LDFLAGS'
        ➜ Implicit dependency on target 'React-NativeModulesApple' in project 'Pods' via options '-framework React_NativeModulesApple' in build setting 'OTHER_LDFLAGS'
        ➜ Implicit dependency on target 'React-RCTAppDelegate' in project 'Pods' via options '-framework React_RCTAppDelegate' in build setting 'OTHER_LDFLAGS'
        ➜ Implicit dependency on target 'React-RuntimeApple' in project 'Pods' via options '-framework React_RuntimeApple' in build setting 'OTHER_LDFLAGS'
        ➜ Implicit dependency on target 'React-RuntimeCore' in project 'Pods' via options '-framework React_RuntimeCore' in build setting 'OTHER_LDFLAGS'
        ➜ Implicit dependency on target 'React-RuntimeHermes' in project 'Pods' via options '-framework React_RuntimeHermes' in build setting 'OTHER_LDFLAGS'
        ➜ Implicit dependency on target 'React-debug' in project 'Pods' via options '-framework React_debug' in build setting 'OTHER_LDFLAGS'
        ➜ Implicit dependency on target 'React-defaultsnativemodule' in project 'Pods' via options '-framework React_defaultsnativemodule' in build setting 'OTHER_LDFLAGS'
        ➜ Implicit dependency on target 'React-domnativemodule' in project 'Pods' via options '-framework React_domnativemodule' in build setting 'OTHER_LDFLAGS'
        ➜ Implicit dependency on target 'React-featureflags' in project 'Pods' via options '-framework React_featureflags' in build setting 'OTHER_LDFLAGS'
        ➜ Implicit dependency on target 'React-featureflagsnativemodule' in project 'Pods' via options '-framework React_featureflagsnativemodule' in build setting 'OTHER_LDFLAGS'
        ➜ Implicit dependency on target 'React-graphics' in project 'Pods' via options '-framework React_graphics' in build setting 'OTHER_LDFLAGS'
        ➜ Implicit dependency on target 'React-jserrorhandler' in project 'Pods' via options '-framework React_jserrorhandler' in build setting 'OTHER_LDFLAGS'
        ➜ Implicit dependency on target 'React-microtasksnativemodule' in project 'Pods' via options '-framework React_microtasksnativemodule' in build setting 'OTHER_LDFLAGS'
        ➜ Implicit dependency on target 'React-performancetimeline' in project 'Pods' via options '-framework React_performancetimeline' in build setting 'OTHER_LDFLAGS'
        ➜ Implicit dependency on target 'React-rendererconsistency' in project 'Pods' via options '-framework React_rendererconsistency' in build setting 'OTHER_LDFLAGS'
        ➜ Implicit dependency on target 'React-renderercss' in project 'Pods' via options '-framework React_renderercss' in build setting 'OTHER_LDFLAGS'
        ➜ Implicit dependency on target 'React-rendererdebug' in project 'Pods' via options '-framework React_rendererdebug' in build setting 'OTHER_LDFLAGS'
        ➜ Implicit dependency on target 'React-runtimescheduler' in project 'Pods' via options '-framework React_runtimescheduler' in build setting 'OTHER_LDFLAGS'
        ➜ Implicit dependency on target 'React-utils' in project 'Pods' via options '-framework React_utils' in build setting 'OTHER_LDFLAGS'
        ➜ Implicit dependency on target 'RecaptchaInterop' in project 'Pods' via options '-framework RecaptchaInterop' in build setting 'OTHER_LDFLAGS'
        ➜ Implicit dependency on target 'RevenueCat' in project 'Pods' via options '-framework RevenueCat' in build setting 'OTHER_LDFLAGS'
        ➜ Implicit dependency on target 'RevenueCatUI' in project 'Pods' via options '-framework RevenueCatUI' in build setting 'OTHER_LDFLAGS'
        ➜ Implicit dependency on target 'SocketRocket' in project 'Pods' via options '-framework SocketRocket' in build setting 'OTHER_LDFLAGS'
        ➜ Implicit dependency on target 'abseil' in project 'Pods' via options '-framework absl' in build setting 'OTHER_LDFLAGS'
        ➜ Implicit dependency on target 'React-cxxreact' in project 'Pods' via options '-framework cxxreact' in build setting 'OTHER_LDFLAGS'
        ➜ Implicit dependency on target 'fmt' in project 'Pods' via options '-framework fmt' in build setting 'OTHER_LDFLAGS'
        ➜ Implicit dependency on target 'RCT-Folly' in project 'Pods' via options '-framework folly' in build setting 'OTHER_LDFLAGS'
        ➜ Implicit dependency on target 'glog' in project 'Pods' via options '-framework glog' in build setting 'OTHER_LDFLAGS'
        ➜ Implicit dependency on target 'gRPC-Core' in project 'Pods' via options '-framework grpc' in build setting 'OTHER_LDFLAGS'
        ➜ Implicit dependency on target 'gRPC-C++' in project 'Pods' via options '-framework grpcpp' in build setting 'OTHER_LDFLAGS'
        ➜ Implicit dependency on target 'React-idlecallbacksnativemodule' in project 'Pods' via options '-framework idlecallbacksnativemodule' in build setting 'OTHER_LDFLAGS'
        ➜ Implicit dependency on target 'React-jsi' in project 'Pods' via options '-framework jsi' in build setting 'OTHER_LDFLAGS'
        ➜ Implicit dependency on target 'React-jsinspector' in project 'Pods' via options '-framework jsinspector_modern' in build setting 'OTHER_LDFLAGS'
        ➜ Implicit dependency on target 'React-jsinspectortracing' in project 'Pods' via options '-framework jsinspector_moderntracing' in build setting 'OTHER_LDFLAGS'
        ➜ Implicit dependency on target 'React-jsiexecutor' in project 'Pods' via options '-framework jsireact' in build setting 'OTHER_LDFLAGS'
        ➜ Implicit dependency on target 'leveldb-library' in project 'Pods' via options '-framework leveldb' in build setting 'OTHER_LDFLAGS'
        ➜ Implicit dependency on target 'React-logger' in project 'Pods' via options '-framework logger' in build setting 'OTHER_LDFLAGS'
        ➜ Implicit dependency on target 'nanopb' in project 'Pods' via options '-framework nanopb' in build setting 'OTHER_LDFLAGS'
        ➜ Implicit dependency on target 'BoringSSL-GRPC' in project 'Pods' via options '-framework openssl_grpc' in build setting 'OTHER_LDFLAGS'
        ➜ Implicit dependency on target 'React-oscompat' in project 'Pods' via options '-framework oscompat' in build setting 'OTHER_LDFLAGS'
        ➜ Implicit dependency on target 'react-native-safe-area-context' in project 'Pods' via options '-framework react_native_safe_area_context' in build setting 'OTHER_LDFLAGS'
        ➜ Implicit dependency on target 'react-native-webview' in project 'Pods' via options '-framework react_native_webview' in build setting 'OTHER_LDFLAGS'
        ➜ Implicit dependency on target 'React-hermes' in project 'Pods' via options '-framework reacthermes' in build setting 'OTHER_LDFLAGS'
        ➜ Implicit dependency on target 'React-perflogger' in project 'Pods' via options '-framework reactperflogger' in build setting 'OTHER_LDFLAGS'
        ➜ Implicit dependency on target 'Yoga' in project 'Pods' via options '-framework yoga' in build setting 'OTHER_LDFLAGS'
    Target 'Pods-doctoroncall' in project 'Pods'
        ➜ Explicit dependency on target 'BVLinearGradient' in project 'Pods'
        ➜ Explicit dependency on target 'BoringSSL-GRPC' in project 'Pods'
        ➜ Explicit dependency on target 'DoubleConversion' in project 'Pods'
        ➜ Explicit dependency on target 'FBLazyVector' in project 'Pods'
        ➜ Explicit dependency on target 'Firebase' in project 'Pods'
        ➜ Explicit dependency on target 'FirebaseAppCheckInterop' in project 'Pods'
        ➜ Explicit dependency on target 'FirebaseAuth' in project 'Pods'
        ➜ Explicit dependency on target 'FirebaseAuthInterop' in project 'Pods'
        ➜ Explicit dependency on target 'FirebaseCore' in project 'Pods'
        ➜ Explicit dependency on target 'FirebaseCoreExtension' in project 'Pods'
        ➜ Explicit dependency on target 'FirebaseCoreInternal' in project 'Pods'
        ➜ Explicit dependency on target 'FirebaseFirestore' in project 'Pods'
        ➜ Explicit dependency on target 'FirebaseFirestoreInternal' in project 'Pods'
        ➜ Explicit dependency on target 'FirebaseSharedSwift' in project 'Pods'
        ➜ Explicit dependency on target 'GTMSessionFetcher' in project 'Pods'
        ➜ Explicit dependency on target 'GoogleUtilities' in project 'Pods'
        ➜ Explicit dependency on target 'PurchasesHybridCommon' in project 'Pods'
        ➜ Explicit dependency on target 'PurchasesHybridCommonUI' in project 'Pods'
        ➜ Explicit dependency on target 'RCT-Folly' in project 'Pods'
        ➜ Explicit dependency on target 'RCTDeprecation' in project 'Pods'
        ➜ Explicit dependency on target 'RCTRequired' in project 'Pods'
        ➜ Explicit dependency on target 'RCTTypeSafety' in project 'Pods'
        ➜ Explicit dependency on target 'RNCAsyncStorage' in project 'Pods'
        ➜ Explicit dependency on target 'RNCMaskedView' in project 'Pods'
        ➜ Explicit dependency on target 'RNDeviceInfo' in project 'Pods'
        ➜ Explicit dependency on target 'RNFBApp' in project 'Pods'
        ➜ Explicit dependency on target 'RNFBAuth' in project 'Pods'
        ➜ Explicit dependency on target 'RNFBFirestore' in project 'Pods'
        ➜ Explicit dependency on target 'RNGestureHandler' in project 'Pods'
        ➜ Explicit dependency on target 'RNPaywalls' in project 'Pods'
        ➜ Explicit dependency on target 'RNPurchases' in project 'Pods'
        ➜ Explicit dependency on target 'RNReanimated' in project 'Pods'
        ➜ Explicit dependency on target 'RNScreens' in project 'Pods'
        ➜ Explicit dependency on target 'RNVectorIcons' in project 'Pods'
        ➜ Explicit dependency on target 'React' in project 'Pods'
        ➜ Explicit dependency on target 'React-Core' in project 'Pods'
        ➜ Explicit dependency on target 'React-CoreModules' in project 'Pods'
        ➜ Explicit dependency on target 'React-Fabric' in project 'Pods'
        ➜ Explicit dependency on target 'React-FabricComponents' in project 'Pods'
        ➜ Explicit dependency on target 'React-FabricImage' in project 'Pods'
        ➜ Explicit dependency on target 'React-ImageManager' in project 'Pods'
        ➜ Explicit dependency on target 'React-Mapbuffer' in project 'Pods'
        ➜ Explicit dependency on target 'React-NativeModulesApple' in project 'Pods'
        ➜ Explicit dependency on target 'React-RCTActionSheet' in project 'Pods'
        ➜ Explicit dependency on target 'React-RCTAnimation' in project 'Pods'
        ➜ Explicit dependency on target 'React-RCTAppDelegate' in project 'Pods'
        ➜ Explicit dependency on target 'React-RCTBlob' in project 'Pods'
        ➜ Explicit dependency on target 'React-RCTFBReactNativeSpec' in project 'Pods'
        ➜ Explicit dependency on target 'React-RCTFabric' in project 'Pods'
        ➜ Explicit dependency on target 'React-RCTImage' in project 'Pods'
        ➜ Explicit dependency on target 'React-RCTLinking' in project 'Pods'
        ➜ Explicit dependency on target 'React-RCTNetwork' in project 'Pods'
        ➜ Explicit dependency on target 'React-RCTRuntime' in project 'Pods'
        ➜ Explicit dependency on target 'React-RCTSettings' in project 'Pods'
        ➜ Explicit dependency on target 'React-RCTText' in project 'Pods'
        ➜ Explicit dependency on target 'React-RCTVibration' in project 'Pods'
        ➜ Explicit dependency on target 'React-RuntimeApple' in project 'Pods'
        ➜ Explicit dependency on target 'React-RuntimeCore' in project 'Pods'
        ➜ Explicit dependency on target 'React-RuntimeHermes' in project 'Pods'
        ➜ Explicit dependency on target 'React-callinvoker' in project 'Pods'
        ➜ Explicit dependency on target 'React-cxxreact' in project 'Pods'
        ➜ Explicit dependency on target 'React-debug' in project 'Pods'
        ➜ Explicit dependency on target 'React-defaultsnativemodule' in project 'Pods'
        ➜ Explicit dependency on target 'React-domnativemodule' in project 'Pods'
        ➜ Explicit dependency on target 'React-featureflags' in project 'Pods'
        ➜ Explicit dependency on target 'React-featureflagsnativemodule' in project 'Pods'
        ➜ Explicit dependency on target 'React-graphics' in project 'Pods'
        ➜ Explicit dependency on target 'React-hermes' in project 'Pods'
        ➜ Explicit dependency on target 'React-idlecallbacksnativemodule' in project 'Pods'
        ➜ Explicit dependency on target 'React-jserrorhandler' in project 'Pods'
        ➜ Explicit dependency on target 'React-jsi' in project 'Pods'
        ➜ Explicit dependency on target 'React-jsiexecutor' in project 'Pods'
        ➜ Explicit dependency on target 'React-jsinspector' in project 'Pods'
        ➜ Explicit dependency on target 'React-jsinspectortracing' in project 'Pods'
        ➜ Explicit dependency on target 'React-jsitooling' in project 'Pods'
        ➜ Explicit dependency on target 'React-jsitracing' in project 'Pods'
        ➜ Explicit dependency on target 'React-logger' in project 'Pods'
        ➜ Explicit dependency on target 'React-microtasksnativemodule' in project 'Pods'
        ➜ Explicit dependency on target 'React-oscompat' in project 'Pods'
        ➜ Explicit dependency on target 'React-perflogger' in project 'Pods'
        ➜ Explicit dependency on target 'React-performancetimeline' in project 'Pods'
        ➜ Explicit dependency on target 'React-rendererconsistency' in project 'Pods'
        ➜ Explicit dependency on target 'React-renderercss' in project 'Pods'
        ➜ Explicit dependency on target 'React-rendererdebug' in project 'Pods'
        ➜ Explicit dependency on target 'React-rncore' in project 'Pods'
        ➜ Explicit dependency on target 'React-runtimeexecutor' in project 'Pods'
        ➜ Explicit dependency on target 'React-runtimescheduler' in project 'Pods'
        ➜ Explicit dependency on target 'React-timing' in project 'Pods'
        ➜ Explicit dependency on target 'React-utils' in project 'Pods'
        ➜ Explicit dependency on target 'ReactAppDependencyProvider' in project 'Pods'
        ➜ Explicit dependency on target 'ReactCodegen' in project 'Pods'
        ➜ Explicit dependency on target 'ReactCommon' in project 'Pods'
        ➜ Explicit dependency on target 'RecaptchaInterop' in project 'Pods'
        ➜ Explicit dependency on target 'RevenueCat' in project 'Pods'
        ➜ Explicit dependency on target 'RevenueCatUI' in project 'Pods'
        ➜ Explicit dependency on target 'SocketRocket' in project 'Pods'
        ➜ Explicit dependency on target 'Yoga' in project 'Pods'
        ➜ Explicit dependency on target 'abseil' in project 'Pods'
        ➜ Explicit dependency on target 'boost' in project 'Pods'
        ➜ Explicit dependency on target 'fast_float' in project 'Pods'
        ➜ Explicit dependency on target 'fmt' in project 'Pods'
        ➜ Explicit dependency on target 'gRPC-C++' in project 'Pods'
        ➜ Explicit dependency on target 'gRPC-Core' in project 'Pods'
        ➜ Explicit dependency on target 'glog' in project 'Pods'
        ➜ Explicit dependency on target 'hermes-engine' in project 'Pods'
        ➜ Explicit dependency on target 'leveldb-library' in project 'Pods'
        ➜ Explicit dependency on target 'nanopb' in project 'Pods'
        ➜ Explicit dependency on target 'react-native-render-html' in project 'Pods'
        ➜ Explicit dependency on target 'react-native-safe-area-context' in project 'Pods'
        ➜ Explicit dependency on target 'react-native-webview' in project 'Pods'
    Target 'react-native-webview' in project 'Pods'
        ➜ Explicit dependency on target 'DoubleConversion' in project 'Pods'
        ➜ Explicit dependency on target 'RCT-Folly' in project 'Pods'
        ➜ Explicit dependency on target 'RCTRequired' in project 'Pods'
        ➜ Explicit dependency on target 'RCTTypeSafety' in project 'Pods'
        ➜ Explicit dependency on target 'React-Core' in project 'Pods'
        ➜ Explicit dependency on target 'React-Fabric' in project 'Pods'
        ➜ Explicit dependency on target 'React-ImageManager' in project 'Pods'
        ➜ Explicit dependency on target 'React-NativeModulesApple' in project 'Pods'
        ➜ Explicit dependency on target 'React-RCTFabric' in project 'Pods'
        ➜ Explicit dependency on target 'React-debug' in project 'Pods'
        ➜ Explicit dependency on target 'React-featureflags' in project 'Pods'
        ➜ Explicit dependency on target 'React-graphics' in project 'Pods'
        ➜ Explicit dependency on target 'React-hermes' in project 'Pods'
        ➜ Explicit dependency on target 'React-jsi' in project 'Pods'
        ➜ Explicit dependency on target 'React-renderercss' in project 'Pods'
        ➜ Explicit dependency on target 'React-rendererdebug' in project 'Pods'
        ➜ Explicit dependency on target 'React-utils' in project 'Pods'
        ➜ Explicit dependency on target 'ReactCodegen' in project 'Pods'
        ➜ Explicit dependency on target 'ReactCommon' in project 'Pods'
        ➜ Explicit dependency on target 'Yoga' in project 'Pods'
        ➜ Explicit dependency on target 'glog' in project 'Pods'
        ➜ Explicit dependency on target 'hermes-engine' in project 'Pods'
    Target 'react-native-safe-area-context' in project 'Pods'
        ➜ Explicit dependency on target 'DoubleConversion' in project 'Pods'
        ➜ Explicit dependency on target 'RCT-Folly' in project 'Pods'
        ➜ Explicit dependency on target 'RCTRequired' in project 'Pods'
        ➜ Explicit dependency on target 'RCTTypeSafety' in project 'Pods'
        ➜ Explicit dependency on target 'React-Core' in project 'Pods'
        ➜ Explicit dependency on target 'React-Fabric' in project 'Pods'
        ➜ Explicit dependency on target 'React-ImageManager' in project 'Pods'
        ➜ Explicit dependency on target 'React-NativeModulesApple' in project 'Pods'
        ➜ Explicit dependency on target 'React-RCTFabric' in project 'Pods'
        ➜ Explicit dependency on target 'React-debug' in project 'Pods'
        ➜ Explicit dependency on target 'React-featureflags' in project 'Pods'
        ➜ Explicit dependency on target 'React-graphics' in project 'Pods'
        ➜ Explicit dependency on target 'React-hermes' in project 'Pods'
        ➜ Explicit dependency on target 'React-jsi' in project 'Pods'
        ➜ Explicit dependency on target 'React-renderercss' in project 'Pods'
        ➜ Explicit dependency on target 'React-rendererdebug' in project 'Pods'
        ➜ Explicit dependency on target 'React-utils' in project 'Pods'
        ➜ Explicit dependency on target 'ReactCodegen' in project 'Pods'
        ➜ Explicit dependency on target 'ReactCommon' in project 'Pods'
        ➜ Explicit dependency on target 'Yoga' in project 'Pods'
        ➜ Explicit dependency on target 'glog' in project 'Pods'
        ➜ Explicit dependency on target 'hermes-engine' in project 'Pods'
    Target 'react-native-render-html' in project 'Pods'
        ➜ Explicit dependency on target 'React-Core' in project 'Pods'
    Target 'ReactAppDependencyProvider' in project 'Pods'
        ➜ Explicit dependency on target 'ReactCodegen' in project 'Pods'
    Target 'React-rncore' in project 'Pods' (no dependencies)
    Target 'React' in project 'Pods'
        ➜ Explicit dependency on target 'React-Core' in project 'Pods'
        ➜ Explicit dependency on target 'React-RCTActionSheet' in project 'Pods'
        ➜ Explicit dependency on target 'React-RCTAnimation' in project 'Pods'
        ➜ Explicit dependency on target 'React-RCTBlob' in project 'Pods'
        ➜ Explicit dependency on target 'React-RCTImage' in project 'Pods'
        ➜ Explicit dependency on target 'React-RCTLinking' in project 'Pods'
        ➜ Explicit dependency on target 'React-RCTNetwork' in project 'Pods'
        ➜ Explicit dependency on target 'React-RCTSettings' in project 'Pods'
        ➜ Explicit dependency on target 'React-RCTText' in project 'Pods'
        ➜ Explicit dependency on target 'React-RCTVibration' in project 'Pods'
    Target 'React-RCTVibration' in project 'Pods'
        ➜ Explicit dependency on target 'RCT-Folly' in project 'Pods'
        ➜ Explicit dependency on target 'React-Core' in project 'Pods'
        ➜ Explicit dependency on target 'React-NativeModulesApple' in project 'Pods'
        ➜ Explicit dependency on target 'React-RCTFBReactNativeSpec' in project 'Pods'
        ➜ Explicit dependency on target 'React-jsi' in project 'Pods'
        ➜ Explicit dependency on target 'ReactCommon' in project 'Pods'
    Target 'React-RCTSettings' in project 'Pods'
        ➜ Explicit dependency on target 'RCT-Folly' in project 'Pods'
        ➜ Explicit dependency on target 'RCTTypeSafety' in project 'Pods'
        ➜ Explicit dependency on target 'React-Core' in project 'Pods'
        ➜ Explicit dependency on target 'React-NativeModulesApple' in project 'Pods'
        ➜ Explicit dependency on target 'React-RCTFBReactNativeSpec' in project 'Pods'
        ➜ Explicit dependency on target 'React-jsi' in project 'Pods'
        ➜ Explicit dependency on target 'ReactCommon' in project 'Pods'
    Target 'React-RCTLinking' in project 'Pods'
        ➜ Explicit dependency on target 'React-Core' in project 'Pods'
        ➜ Explicit dependency on target 'React-NativeModulesApple' in project 'Pods'
        ➜ Explicit dependency on target 'React-RCTFBReactNativeSpec' in project 'Pods'
        ➜ Explicit dependency on target 'React-jsi' in project 'Pods'
        ➜ Explicit dependency on target 'ReactCommon' in project 'Pods'
    Target 'React-RCTActionSheet' in project 'Pods'
        ➜ Explicit dependency on target 'React-Core' in project 'Pods'
    Target 'RNVectorIcons' in project 'Pods'
        ➜ Explicit dependency on target 'DoubleConversion' in project 'Pods'
        ➜ Explicit dependency on target 'RCT-Folly' in project 'Pods'
        ➜ Explicit dependency on target 'RCTRequired' in project 'Pods'
        ➜ Explicit dependency on target 'RCTTypeSafety' in project 'Pods'
        ➜ Explicit dependency on target 'React-Core' in project 'Pods'
        ➜ Explicit dependency on target 'React-Fabric' in project 'Pods'
        ➜ Explicit dependency on target 'React-ImageManager' in project 'Pods'
        ➜ Explicit dependency on target 'React-NativeModulesApple' in project 'Pods'
        ➜ Explicit dependency on target 'React-RCTFabric' in project 'Pods'
        ➜ Explicit dependency on target 'React-debug' in project 'Pods'
        ➜ Explicit dependency on target 'React-featureflags' in project 'Pods'
        ➜ Explicit dependency on target 'React-graphics' in project 'Pods'
        ➜ Explicit dependency on target 'React-hermes' in project 'Pods'
        ➜ Explicit dependency on target 'React-jsi' in project 'Pods'
        ➜ Explicit dependency on target 'React-renderercss' in project 'Pods'
        ➜ Explicit dependency on target 'React-rendererdebug' in project 'Pods'
        ➜ Explicit dependency on target 'React-utils' in project 'Pods'
        ➜ Explicit dependency on target 'ReactCodegen' in project 'Pods'
        ➜ Explicit dependency on target 'ReactCommon' in project 'Pods'
        ➜ Explicit dependency on target 'Yoga' in project 'Pods'
        ➜ Explicit dependency on target 'glog' in project 'Pods'
        ➜ Explicit dependency on target 'hermes-engine' in project 'Pods'
    Target 'RNScreens' in project 'Pods'
        ➜ Explicit dependency on target 'DoubleConversion' in project 'Pods'
        ➜ Explicit dependency on target 'RCT-Folly' in project 'Pods'
        ➜ Explicit dependency on target 'RCTRequired' in project 'Pods'
        ➜ Explicit dependency on target 'RCTTypeSafety' in project 'Pods'
        ➜ Explicit dependency on target 'React-Core' in project 'Pods'
        ➜ Explicit dependency on target 'React-Fabric' in project 'Pods'
        ➜ Explicit dependency on target 'React-ImageManager' in project 'Pods'
        ➜ Explicit dependency on target 'React-NativeModulesApple' in project 'Pods'
        ➜ Explicit dependency on target 'React-RCTFabric' in project 'Pods'
        ➜ Explicit dependency on target 'React-RCTImage' in project 'Pods'
        ➜ Explicit dependency on target 'React-debug' in project 'Pods'
        ➜ Explicit dependency on target 'React-featureflags' in project 'Pods'
        ➜ Explicit dependency on target 'React-graphics' in project 'Pods'
        ➜ Explicit dependency on target 'React-hermes' in project 'Pods'
        ➜ Explicit dependency on target 'React-jsi' in project 'Pods'
        ➜ Explicit dependency on target 'React-renderercss' in project 'Pods'
        ➜ Explicit dependency on target 'React-rendererdebug' in project 'Pods'
        ➜ Explicit dependency on target 'React-utils' in project 'Pods'
        ➜ Explicit dependency on target 'ReactCodegen' in project 'Pods'
        ➜ Explicit dependency on target 'ReactCommon' in project 'Pods'
        ➜ Explicit dependency on target 'Yoga' in project 'Pods'
        ➜ Explicit dependency on target 'glog' in project 'Pods'
        ➜ Explicit dependency on target 'hermes-engine' in project 'Pods'
    Target 'RNReanimated' in project 'Pods'
        ➜ Explicit dependency on target 'DoubleConversion' in project 'Pods'
        ➜ Explicit dependency on target 'RCT-Folly' in project 'Pods'
        ➜ Explicit dependency on target 'RCTRequired' in project 'Pods'
        ➜ Explicit dependency on target 'RCTTypeSafety' in project 'Pods'
        ➜ Explicit dependency on target 'React-Core' in project 'Pods'
        ➜ Explicit dependency on target 'React-Fabric' in project 'Pods'
        ➜ Explicit dependency on target 'React-ImageManager' in project 'Pods'
        ➜ Explicit dependency on target 'React-NativeModulesApple' in project 'Pods'
        ➜ Explicit dependency on target 'React-RCTFabric' in project 'Pods'
        ➜ Explicit dependency on target 'React-debug' in project 'Pods'
        ➜ Explicit dependency on target 'React-featureflags' in project 'Pods'
        ➜ Explicit dependency on target 'React-graphics' in project 'Pods'
        ➜ Explicit dependency on target 'React-hermes' in project 'Pods'
        ➜ Explicit dependency on target 'React-jsi' in project 'Pods'
        ➜ Explicit dependency on target 'React-renderercss' in project 'Pods'
        ➜ Explicit dependency on target 'React-rendererdebug' in project 'Pods'
        ➜ Explicit dependency on target 'React-utils' in project 'Pods'
        ➜ Explicit dependency on target 'ReactCodegen' in project 'Pods'
        ➜ Explicit dependency on target 'ReactCommon' in project 'Pods'
        ➜ Explicit dependency on target 'Yoga' in project 'Pods'
        ➜ Explicit dependency on target 'glog' in project 'Pods'
        ➜ Explicit dependency on target 'hermes-engine' in project 'Pods'
    Target 'RNPurchases' in project 'Pods'
        ➜ Explicit dependency on target 'PurchasesHybridCommon' in project 'Pods'
        ➜ Explicit dependency on target 'React-Core' in project 'Pods'
    Target 'RNPaywalls' in project 'Pods'
        ➜ Explicit dependency on target 'PurchasesHybridCommonUI' in project 'Pods'
        ➜ Explicit dependency on target 'React-Core' in project 'Pods'
    Target 'RNGestureHandler' in project 'Pods'
        ➜ Explicit dependency on target 'DoubleConversion' in project 'Pods'
        ➜ Explicit dependency on target 'RCT-Folly' in project 'Pods'
        ➜ Explicit dependency on target 'RCTRequired' in project 'Pods'
        ➜ Explicit dependency on target 'RCTTypeSafety' in project 'Pods'
        ➜ Explicit dependency on target 'React-Core' in project 'Pods'
        ➜ Explicit dependency on target 'React-Fabric' in project 'Pods'
        ➜ Explicit dependency on target 'React-FabricComponents' in project 'Pods'
        ➜ Explicit dependency on target 'React-ImageManager' in project 'Pods'
        ➜ Explicit dependency on target 'React-NativeModulesApple' in project 'Pods'
        ➜ Explicit dependency on target 'React-RCTFabric' in project 'Pods'
        ➜ Explicit dependency on target 'React-debug' in project 'Pods'
        ➜ Explicit dependency on target 'React-featureflags' in project 'Pods'
        ➜ Explicit dependency on target 'React-graphics' in project 'Pods'
        ➜ Explicit dependency on target 'React-hermes' in project 'Pods'
        ➜ Explicit dependency on target 'React-jsi' in project 'Pods'
        ➜ Explicit dependency on target 'React-renderercss' in project 'Pods'
        ➜ Explicit dependency on target 'React-rendererdebug' in project 'Pods'
        ➜ Explicit dependency on target 'React-utils' in project 'Pods'
        ➜ Explicit dependency on target 'ReactCodegen' in project 'Pods'
        ➜ Explicit dependency on target 'ReactCommon' in project 'Pods'
        ➜ Explicit dependency on target 'Yoga' in project 'Pods'
        ➜ Explicit dependency on target 'glog' in project 'Pods'
        ➜ Explicit dependency on target 'hermes-engine' in project 'Pods'
    Target 'RNFBFirestore' in project 'Pods'
        ➜ Explicit dependency on target 'Firebase' in project 'Pods'
        ➜ Explicit dependency on target 'RNFBApp' in project 'Pods'
        ➜ Explicit dependency on target 'React-Core' in project 'Pods'
    Target 'RNFBAuth' in project 'Pods'
        ➜ Explicit dependency on target 'Firebase' in project 'Pods'
        ➜ Explicit dependency on target 'RNFBApp' in project 'Pods'
        ➜ Explicit dependency on target 'React-Core' in project 'Pods'
    Target 'RNFBApp' in project 'Pods'
        ➜ Explicit dependency on target 'Firebase' in project 'Pods'
        ➜ Explicit dependency on target 'React-Core' in project 'Pods'
    Target 'RNDeviceInfo' in project 'Pods'
        ➜ Explicit dependency on target 'RNDeviceInfo-RNDeviceInfoPrivacyInfo' in project 'Pods'
        ➜ Explicit dependency on target 'React-Core' in project 'Pods'
    Target 'RNDeviceInfo-RNDeviceInfoPrivacyInfo' in project 'Pods' (no dependencies)
    Target 'RNCMaskedView' in project 'Pods'
        ➜ Explicit dependency on target 'DoubleConversion' in project 'Pods'
        ➜ Explicit dependency on target 'RCT-Folly' in project 'Pods'
        ➜ Explicit dependency on target 'RCTRequired' in project 'Pods'
        ➜ Explicit dependency on target 'RCTTypeSafety' in project 'Pods'
        ➜ Explicit dependency on target 'React-Core' in project 'Pods'
        ➜ Explicit dependency on target 'React-Fabric' in project 'Pods'
        ➜ Explicit dependency on target 'React-ImageManager' in project 'Pods'
        ➜ Explicit dependency on target 'React-NativeModulesApple' in project 'Pods'
        ➜ Explicit dependency on target 'React-RCTFabric' in project 'Pods'
        ➜ Explicit dependency on target 'React-debug' in project 'Pods'
        ➜ Explicit dependency on target 'React-featureflags' in project 'Pods'
        ➜ Explicit dependency on target 'React-graphics' in project 'Pods'
        ➜ Explicit dependency on target 'React-hermes' in project 'Pods'
        ➜ Explicit dependency on target 'React-jsi' in project 'Pods'
        ➜ Explicit dependency on target 'React-renderercss' in project 'Pods'
        ➜ Explicit dependency on target 'React-rendererdebug' in project 'Pods'
        ➜ Explicit dependency on target 'React-utils' in project 'Pods'
        ➜ Explicit dependency on target 'ReactCodegen' in project 'Pods'
        ➜ Explicit dependency on target 'ReactCommon' in project 'Pods'
        ➜ Explicit dependency on target 'Yoga' in project 'Pods'
        ➜ Explicit dependency on target 'glog' in project 'Pods'
        ➜ Explicit dependency on target 'hermes-engine' in project 'Pods'
    Target 'RNCAsyncStorage' in project 'Pods'
        ➜ Explicit dependency on target 'DoubleConversion' in project 'Pods'
        ➜ Explicit dependency on target 'RCT-Folly' in project 'Pods'
        ➜ Explicit dependency on target 'RCTRequired' in project 'Pods'
        ➜ Explicit dependency on target 'RCTTypeSafety' in project 'Pods'
        ➜ Explicit dependency on target 'RNCAsyncStorage-RNCAsyncStorage_resources' in project 'Pods'
        ➜ Explicit dependency on target 'React-Core' in project 'Pods'
        ➜ Explicit dependency on target 'React-Fabric' in project 'Pods'
        ➜ Explicit dependency on target 'React-ImageManager' in project 'Pods'
        ➜ Explicit dependency on target 'React-NativeModulesApple' in project 'Pods'
        ➜ Explicit dependency on target 'React-RCTFabric' in project 'Pods'
        ➜ Explicit dependency on target 'React-debug' in project 'Pods'
        ➜ Explicit dependency on target 'React-featureflags' in project 'Pods'
        ➜ Explicit dependency on target 'React-graphics' in project 'Pods'
        ➜ Explicit dependency on target 'React-hermes' in project 'Pods'
        ➜ Explicit dependency on target 'React-jsi' in project 'Pods'
        ➜ Explicit dependency on target 'React-renderercss' in project 'Pods'
        ➜ Explicit dependency on target 'React-rendererdebug' in project 'Pods'
        ➜ Explicit dependency on target 'React-utils' in project 'Pods'
        ➜ Explicit dependency on target 'ReactCodegen' in project 'Pods'
        ➜ Explicit dependency on target 'ReactCommon' in project 'Pods'
        ➜ Explicit dependency on target 'Yoga' in project 'Pods'
        ➜ Explicit dependency on target 'glog' in project 'Pods'
        ➜ Explicit dependency on target 'hermes-engine' in project 'Pods'
    Target 'ReactCodegen' in project 'Pods'
        ➜ Explicit dependency on target 'DoubleConversion' in project 'Pods'
        ➜ Explicit dependency on target 'RCT-Folly' in project 'Pods'
        ➜ Explicit dependency on target 'RCTRequired' in project 'Pods'
        ➜ Explicit dependency on target 'RCTTypeSafety' in project 'Pods'
        ➜ Explicit dependency on target 'React-Core' in project 'Pods'
        ➜ Explicit dependency on target 'React-Fabric' in project 'Pods'
        ➜ Explicit dependency on target 'React-FabricImage' in project 'Pods'
        ➜ Explicit dependency on target 'React-NativeModulesApple' in project 'Pods'
        ➜ Explicit dependency on target 'React-RCTAppDelegate' in project 'Pods'
        ➜ Explicit dependency on target 'React-debug' in project 'Pods'
        ➜ Explicit dependency on target 'React-featureflags' in project 'Pods'
        ➜ Explicit dependency on target 'React-graphics' in project 'Pods'
        ➜ Explicit dependency on target 'React-hermes' in project 'Pods'
        ➜ Explicit dependency on target 'React-jsi' in project 'Pods'
        ➜ Explicit dependency on target 'React-jsiexecutor' in project 'Pods'
        ➜ Explicit dependency on target 'React-rendererdebug' in project 'Pods'
        ➜ Explicit dependency on target 'React-utils' in project 'Pods'
        ➜ Explicit dependency on target 'ReactCommon' in project 'Pods'
        ➜ Explicit dependency on target 'glog' in project 'Pods'
        ➜ Explicit dependency on target 'hermes-engine' in project 'Pods'
    Target 'React-RCTAppDelegate' in project 'Pods'
        ➜ Explicit dependency on target 'RCT-Folly' in project 'Pods'
        ➜ Explicit dependency on target 'RCTRequired' in project 'Pods'
        ➜ Explicit dependency on target 'RCTTypeSafety' in project 'Pods'
        ➜ Explicit dependency on target 'React-Core' in project 'Pods'
        ➜ Explicit dependency on target 'React-CoreModules' in project 'Pods'
        ➜ Explicit dependency on target 'React-Fabric' in project 'Pods'
        ➜ Explicit dependency on target 'React-NativeModulesApple' in project 'Pods'
        ➜ Explicit dependency on target 'React-RCTFBReactNativeSpec' in project 'Pods'
        ➜ Explicit dependency on target 'React-RCTFabric' in project 'Pods'
        ➜ Explicit dependency on target 'React-RCTImage' in project 'Pods'
        ➜ Explicit dependency on target 'React-RCTNetwork' in project 'Pods'
        ➜ Explicit dependency on target 'React-RCTRuntime' in project 'Pods'
        ➜ Explicit dependency on target 'React-RuntimeApple' in project 'Pods'
        ➜ Explicit dependency on target 'React-RuntimeCore' in project 'Pods'
        ➜ Explicit dependency on target 'React-debug' in project 'Pods'
        ➜ Explicit dependency on target 'React-defaultsnativemodule' in project 'Pods'
        ➜ Explicit dependency on target 'React-featureflags' in project 'Pods'
        ➜ Explicit dependency on target 'React-graphics' in project 'Pods'
        ➜ Explicit dependency on target 'React-hermes' in project 'Pods'
        ➜ Explicit dependency on target 'React-jsitooling' in project 'Pods'
        ➜ Explicit dependency on target 'React-rendererdebug' in project 'Pods'
        ➜ Explicit dependency on target 'React-runtimescheduler' in project 'Pods'
        ➜ Explicit dependency on target 'React-utils' in project 'Pods'
        ➜ Explicit dependency on target 'ReactCommon' in project 'Pods'
        ➜ Explicit dependency on target 'hermes-engine' in project 'Pods'
    Target 'React-defaultsnativemodule' in project 'Pods'
        ➜ Explicit dependency on target 'RCT-Folly' in project 'Pods'
        ➜ Explicit dependency on target 'React-RCTFBReactNativeSpec' in project 'Pods'
        ➜ Explicit dependency on target 'React-domnativemodule' in project 'Pods'
        ➜ Explicit dependency on target 'React-featureflagsnativemodule' in project 'Pods'
        ➜ Explicit dependency on target 'React-hermes' in project 'Pods'
        ➜ Explicit dependency on target 'React-idlecallbacksnativemodule' in project 'Pods'
        ➜ Explicit dependency on target 'React-jsi' in project 'Pods'
        ➜ Explicit dependency on target 'React-jsiexecutor' in project 'Pods'
        ➜ Explicit dependency on target 'React-microtasksnativemodule' in project 'Pods'
        ➜ Explicit dependency on target 'hermes-engine' in project 'Pods'
    Target 'React-microtasksnativemodule' in project 'Pods'
        ➜ Explicit dependency on target 'RCT-Folly' in project 'Pods'
        ➜ Explicit dependency on target 'React-RCTFBReactNativeSpec' in project 'Pods'
        ➜ Explicit dependency on target 'React-hermes' in project 'Pods'
        ➜ Explicit dependency on target 'React-jsi' in project 'Pods'
        ➜ Explicit dependency on target 'React-jsiexecutor' in project 'Pods'
        ➜ Explicit dependency on target 'ReactCommon' in project 'Pods'
        ➜ Explicit dependency on target 'hermes-engine' in project 'Pods'
    Target 'React-idlecallbacksnativemodule' in project 'Pods'
        ➜ Explicit dependency on target 'RCT-Folly' in project 'Pods'
        ➜ Explicit dependency on target 'React-RCTFBReactNativeSpec' in project 'Pods'
        ➜ Explicit dependency on target 'React-hermes' in project 'Pods'
        ➜ Explicit dependency on target 'React-jsi' in project 'Pods'
        ➜ Explicit dependency on target 'React-jsiexecutor' in project 'Pods'
        ➜ Explicit dependency on target 'React-runtimescheduler' in project 'Pods'
        ➜ Explicit dependency on target 'ReactCommon' in project 'Pods'
        ➜ Explicit dependency on target 'glog' in project 'Pods'
        ➜ Explicit dependency on target 'hermes-engine' in project 'Pods'
    Target 'React-featureflagsnativemodule' in project 'Pods'
        ➜ Explicit dependency on target 'RCT-Folly' in project 'Pods'
        ➜ Explicit dependency on target 'React-RCTFBReactNativeSpec' in project 'Pods'
        ➜ Explicit dependency on target 'React-featureflags' in project 'Pods'
        ➜ Explicit dependency on target 'React-hermes' in project 'Pods'
        ➜ Explicit dependency on target 'React-jsi' in project 'Pods'
        ➜ Explicit dependency on target 'React-jsiexecutor' in project 'Pods'
        ➜ Explicit dependency on target 'ReactCommon' in project 'Pods'
        ➜ Explicit dependency on target 'hermes-engine' in project 'Pods'
    Target 'React-domnativemodule' in project 'Pods'
        ➜ Explicit dependency on target 'RCT-Folly' in project 'Pods'
        ➜ Explicit dependency on target 'React-Fabric' in project 'Pods'
        ➜ Explicit dependency on target 'React-FabricComponents' in project 'Pods'
        ➜ Explicit dependency on target 'React-RCTFBReactNativeSpec' in project 'Pods'
        ➜ Explicit dependency on target 'React-graphics' in project 'Pods'
        ➜ Explicit dependency on target 'React-hermes' in project 'Pods'
        ➜ Explicit dependency on target 'React-jsi' in project 'Pods'
        ➜ Explicit dependency on target 'React-jsiexecutor' in project 'Pods'
        ➜ Explicit dependency on target 'ReactCommon' in project 'Pods'
        ➜ Explicit dependency on target 'Yoga' in project 'Pods'
        ➜ Explicit dependency on target 'hermes-engine' in project 'Pods'
    Target 'React-RCTRuntime' in project 'Pods'
        ➜ Explicit dependency on target 'RCT-Folly' in project 'Pods'
        ➜ Explicit dependency on target 'React-Core' in project 'Pods'
        ➜ Explicit dependency on target 'React-RuntimeApple' in project 'Pods'
        ➜ Explicit dependency on target 'React-RuntimeCore' in project 'Pods'
        ➜ Explicit dependency on target 'React-RuntimeHermes' in project 'Pods'
        ➜ Explicit dependency on target 'React-hermes' in project 'Pods'
        ➜ Explicit dependency on target 'React-jsi' in project 'Pods'
        ➜ Explicit dependency on target 'React-jsinspector' in project 'Pods'
        ➜ Explicit dependency on target 'React-jsinspectortracing' in project 'Pods'
        ➜ Explicit dependency on target 'React-jsitooling' in project 'Pods'
        ➜ Explicit dependency on target 'glog' in project 'Pods'
        ➜ Explicit dependency on target 'hermes-engine' in project 'Pods'
    Target 'React-RuntimeApple' in project 'Pods'
        ➜ Explicit dependency on target 'RCT-Folly' in project 'Pods'
        ➜ Explicit dependency on target 'React-Core' in project 'Pods'
        ➜ Explicit dependency on target 'React-CoreModules' in project 'Pods'
        ➜ Explicit dependency on target 'React-Mapbuffer' in project 'Pods'
        ➜ Explicit dependency on target 'React-NativeModulesApple' in project 'Pods'
        ➜ Explicit dependency on target 'React-RCTFBReactNativeSpec' in project 'Pods'
        ➜ Explicit dependency on target 'React-RCTFabric' in project 'Pods'
        ➜ Explicit dependency on target 'React-RuntimeCore' in project 'Pods'
        ➜ Explicit dependency on target 'React-RuntimeHermes' in project 'Pods'
        ➜ Explicit dependency on target 'React-callinvoker' in project 'Pods'
        ➜ Explicit dependency on target 'React-cxxreact' in project 'Pods'
        ➜ Explicit dependency on target 'React-featureflags' in project 'Pods'
        ➜ Explicit dependency on target 'React-jserrorhandler' in project 'Pods'
        ➜ Explicit dependency on target 'React-jsi' in project 'Pods'
        ➜ Explicit dependency on target 'React-jsiexecutor' in project 'Pods'
        ➜ Explicit dependency on target 'React-jsinspector' in project 'Pods'
        ➜ Explicit dependency on target 'React-jsitooling' in project 'Pods'
        ➜ Explicit dependency on target 'React-runtimeexecutor' in project 'Pods'
        ➜ Explicit dependency on target 'React-runtimescheduler' in project 'Pods'
        ➜ Explicit dependency on target 'React-utils' in project 'Pods'
        ➜ Explicit dependency on target 'hermes-engine' in project 'Pods'
    Target 'React-RuntimeHermes' in project 'Pods'
        ➜ Explicit dependency on target 'RCT-Folly' in project 'Pods'
        ➜ Explicit dependency on target 'React-RuntimeCore' in project 'Pods'
        ➜ Explicit dependency on target 'React-featureflags' in project 'Pods'
        ➜ Explicit dependency on target 'React-hermes' in project 'Pods'
        ➜ Explicit dependency on target 'React-jsi' in project 'Pods'
        ➜ Explicit dependency on target 'React-jsinspector' in project 'Pods'
        ➜ Explicit dependency on target 'React-jsinspectortracing' in project 'Pods'
        ➜ Explicit dependency on target 'React-jsitooling' in project 'Pods'
        ➜ Explicit dependency on target 'React-jsitracing' in project 'Pods'
        ➜ Explicit dependency on target 'React-utils' in project 'Pods'
        ➜ Explicit dependency on target 'hermes-engine' in project 'Pods'
    Target 'React-jsitracing' in project 'Pods'
        ➜ Explicit dependency on target 'React-jsi' in project 'Pods'
    Target 'React-RuntimeCore' in project 'Pods'
        ➜ Explicit dependency on target 'RCT-Folly' in project 'Pods'
        ➜ Explicit dependency on target 'React-Fabric' in project 'Pods'
        ➜ Explicit dependency on target 'React-cxxreact' in project 'Pods'
        ➜ Explicit dependency on target 'React-featureflags' in project 'Pods'
        ➜ Explicit dependency on target 'React-hermes' in project 'Pods'
        ➜ Explicit dependency on target 'React-jserrorhandler' in project 'Pods'
        ➜ Explicit dependency on target 'React-jsi' in project 'Pods'
        ➜ Explicit dependency on target 'React-jsiexecutor' in project 'Pods'
        ➜ Explicit dependency on target 'React-jsinspector' in project 'Pods'
        ➜ Explicit dependency on target 'React-jsitooling' in project 'Pods'
        ➜ Explicit dependency on target 'React-performancetimeline' in project 'Pods'
        ➜ Explicit dependency on target 'React-runtimeexecutor' in project 'Pods'
        ➜ Explicit dependency on target 'React-runtimescheduler' in project 'Pods'
        ➜ Explicit dependency on target 'React-utils' in project 'Pods'
        ➜ Explicit dependency on target 'glog' in project 'Pods'
        ➜ Explicit dependency on target 'hermes-engine' in project 'Pods'
    Target 'React-jserrorhandler' in project 'Pods'
        ➜ Explicit dependency on target 'RCT-Folly' in project 'Pods'
        ➜ Explicit dependency on target 'React-cxxreact' in project 'Pods'
        ➜ Explicit dependency on target 'React-debug' in project 'Pods'
        ➜ Explicit dependency on target 'React-featureflags' in project 'Pods'
        ➜ Explicit dependency on target 'React-jsi' in project 'Pods'
        ➜ Explicit dependency on target 'ReactCommon' in project 'Pods'
        ➜ Explicit dependency on target 'glog' in project 'Pods'
        ➜ Explicit dependency on target 'hermes-engine' in project 'Pods'
    Target 'React-Mapbuffer' in project 'Pods'
        ➜ Explicit dependency on target 'React-debug' in project 'Pods'
        ➜ Explicit dependency on target 'glog' in project 'Pods'
    Target 'React-CoreModules' in project 'Pods'
        ➜ Explicit dependency on target 'DoubleConversion' in project 'Pods'
        ➜ Explicit dependency on target 'RCT-Folly' in project 'Pods'
        ➜ Explicit dependency on target 'RCTTypeSafety' in project 'Pods'
        ➜ Explicit dependency on target 'React-Core' in project 'Pods'
        ➜ Explicit dependency on target 'React-NativeModulesApple' in project 'Pods'
        ➜ Explicit dependency on target 'React-RCTBlob' in project 'Pods'
        ➜ Explicit dependency on target 'React-RCTFBReactNativeSpec' in project 'Pods'
        ➜ Explicit dependency on target 'React-RCTImage' in project 'Pods'
        ➜ Explicit dependency on target 'React-jsi' in project 'Pods'
        ➜ Explicit dependency on target 'React-jsinspector' in project 'Pods'
        ➜ Explicit dependency on target 'React-jsinspectortracing' in project 'Pods'
        ➜ Explicit dependency on target 'ReactCommon' in project 'Pods'
        ➜ Explicit dependency on target 'SocketRocket' in project 'Pods'
        ➜ Explicit dependency on target 'fast_float' in project 'Pods'
        ➜ Explicit dependency on target 'fmt' in project 'Pods'
    Target 'React-RCTBlob' in project 'Pods'
        ➜ Explicit dependency on target 'DoubleConversion' in project 'Pods'
        ➜ Explicit dependency on target 'RCT-Folly' in project 'Pods'
        ➜ Explicit dependency on target 'React-Core' in project 'Pods'
        ➜ Explicit dependency on target 'React-NativeModulesApple' in project 'Pods'
        ➜ Explicit dependency on target 'React-RCTFBReactNativeSpec' in project 'Pods'
        ➜ Explicit dependency on target 'React-RCTNetwork' in project 'Pods'
        ➜ Explicit dependency on target 'React-jsi' in project 'Pods'
        ➜ Explicit dependency on target 'React-jsinspector' in project 'Pods'
        ➜ Explicit dependency on target 'ReactCommon' in project 'Pods'
        ➜ Explicit dependency on target 'fast_float' in project 'Pods'
        ➜ Explicit dependency on target 'fmt' in project 'Pods'
        ➜ Explicit dependency on target 'hermes-engine' in project 'Pods'
    Target 'React-RCTFabric' in project 'Pods'
        ➜ Explicit dependency on target 'RCT-Folly' in project 'Pods'
        ➜ Explicit dependency on target 'React-Core' in project 'Pods'
        ➜ Explicit dependency on target 'React-Fabric' in project 'Pods'
        ➜ Explicit dependency on target 'React-FabricComponents' in project 'Pods'
        ➜ Explicit dependency on target 'React-FabricImage' in project 'Pods'
        ➜ Explicit dependency on target 'React-ImageManager' in project 'Pods'
        ➜ Explicit dependency on target 'React-RCTAnimation' in project 'Pods'
        ➜ Explicit dependency on target 'React-RCTImage' in project 'Pods'
        ➜ Explicit dependency on target 'React-RCTText' in project 'Pods'
        ➜ Explicit dependency on target 'React-debug' in project 'Pods'
        ➜ Explicit dependency on target 'React-featureflags' in project 'Pods'
        ➜ Explicit dependency on target 'React-graphics' in project 'Pods'
        ➜ Explicit dependency on target 'React-hermes' in project 'Pods'
        ➜ Explicit dependency on target 'React-jsi' in project 'Pods'
        ➜ Explicit dependency on target 'React-jsinspector' in project 'Pods'
        ➜ Explicit dependency on target 'React-jsinspectortracing' in project 'Pods'
        ➜ Explicit dependency on target 'React-performancetimeline' in project 'Pods'
        ➜ Explicit dependency on target 'React-rendererconsistency' in project 'Pods'
        ➜ Explicit dependency on target 'React-renderercss' in project 'Pods'
        ➜ Explicit dependency on target 'React-rendererdebug' in project 'Pods'
        ➜ Explicit dependency on target 'React-runtimescheduler' in project 'Pods'
        ➜ Explicit dependency on target 'React-utils' in project 'Pods'
        ➜ Explicit dependency on target 'Yoga' in project 'Pods'
        ➜ Explicit dependency on target 'glog' in project 'Pods'
        ➜ Explicit dependency on target 'hermes-engine' in project 'Pods'
    Target 'React-RCTText' in project 'Pods'
        ➜ Explicit dependency on target 'React-Core' in project 'Pods'
        ➜ Explicit dependency on target 'Yoga' in project 'Pods'
    Target 'React-RCTImage' in project 'Pods'
        ➜ Explicit dependency on target 'RCT-Folly' in project 'Pods'
        ➜ Explicit dependency on target 'RCTTypeSafety' in project 'Pods'
        ➜ Explicit dependency on target 'React-Core' in project 'Pods'
        ➜ Explicit dependency on target 'React-NativeModulesApple' in project 'Pods'
        ➜ Explicit dependency on target 'React-RCTFBReactNativeSpec' in project 'Pods'
        ➜ Explicit dependency on target 'React-RCTNetwork' in project 'Pods'
        ➜ Explicit dependency on target 'React-jsi' in project 'Pods'
        ➜ Explicit dependency on target 'ReactCommon' in project 'Pods'
    Target 'React-RCTNetwork' in project 'Pods'
        ➜ Explicit dependency on target 'RCT-Folly' in project 'Pods'
        ➜ Explicit dependency on target 'RCTTypeSafety' in project 'Pods'
        ➜ Explicit dependency on target 'React-Core' in project 'Pods'
        ➜ Explicit dependency on target 'React-NativeModulesApple' in project 'Pods'
        ➜ Explicit dependency on target 'React-RCTFBReactNativeSpec' in project 'Pods'
        ➜ Explicit dependency on target 'React-jsi' in project 'Pods'
        ➜ Explicit dependency on target 'ReactCommon' in project 'Pods'
    Target 'React-RCTAnimation' in project 'Pods'
        ➜ Explicit dependency on target 'RCT-Folly' in project 'Pods'
        ➜ Explicit dependency on target 'RCTTypeSafety' in project 'Pods'
        ➜ Explicit dependency on target 'React-Core' in project 'Pods'
        ➜ Explicit dependency on target 'React-NativeModulesApple' in project 'Pods'
        ➜ Explicit dependency on target 'React-RCTFBReactNativeSpec' in project 'Pods'
        ➜ Explicit dependency on target 'React-jsi' in project 'Pods'
        ➜ Explicit dependency on target 'ReactCommon' in project 'Pods'
    Target 'React-RCTFBReactNativeSpec' in project 'Pods'
        ➜ Explicit dependency on target 'RCT-Folly' in project 'Pods'
        ➜ Explicit dependency on target 'RCTRequired' in project 'Pods'
        ➜ Explicit dependency on target 'RCTTypeSafety' in project 'Pods'
        ➜ Explicit dependency on target 'React-Core' in project 'Pods'
        ➜ Explicit dependency on target 'React-NativeModulesApple' in project 'Pods'
        ➜ Explicit dependency on target 'React-hermes' in project 'Pods'
        ➜ Explicit dependency on target 'React-jsi' in project 'Pods'
        ➜ Explicit dependency on target 'React-jsiexecutor' in project 'Pods'
        ➜ Explicit dependency on target 'ReactCommon' in project 'Pods'
        ➜ Explicit dependency on target 'hermes-engine' in project 'Pods'
    Target 'React-FabricImage' in project 'Pods'
        ➜ Explicit dependency on target 'DoubleConversion' in project 'Pods'
        ➜ Explicit dependency on target 'RCT-Folly' in project 'Pods'
        ➜ Explicit dependency on target 'RCTRequired' in project 'Pods'
        ➜ Explicit dependency on target 'RCTTypeSafety' in project 'Pods'
        ➜ Explicit dependency on target 'React-Fabric' in project 'Pods'
        ➜ Explicit dependency on target 'React-ImageManager' in project 'Pods'
        ➜ Explicit dependency on target 'React-featureflags' in project 'Pods'
        ➜ Explicit dependency on target 'React-graphics' in project 'Pods'
        ➜ Explicit dependency on target 'React-hermes' in project 'Pods'
        ➜ Explicit dependency on target 'React-jsi' in project 'Pods'
        ➜ Explicit dependency on target 'React-jsiexecutor' in project 'Pods'
        ➜ Explicit dependency on target 'React-logger' in project 'Pods'
        ➜ Explicit dependency on target 'React-rendererdebug' in project 'Pods'
        ➜ Explicit dependency on target 'React-utils' in project 'Pods'
        ➜ Explicit dependency on target 'ReactCommon' in project 'Pods'
        ➜ Explicit dependency on target 'Yoga' in project 'Pods'
        ➜ Explicit dependency on target 'fast_float' in project 'Pods'
        ➜ Explicit dependency on target 'fmt' in project 'Pods'
        ➜ Explicit dependency on target 'glog' in project 'Pods'
        ➜ Explicit dependency on target 'hermes-engine' in project 'Pods'
    Target 'React-FabricComponents' in project 'Pods'
        ➜ Explicit dependency on target 'DoubleConversion' in project 'Pods'
        ➜ Explicit dependency on target 'RCT-Folly' in project 'Pods'
        ➜ Explicit dependency on target 'RCTRequired' in project 'Pods'
        ➜ Explicit dependency on target 'RCTTypeSafety' in project 'Pods'
        ➜ Explicit dependency on target 'React-Core' in project 'Pods'
        ➜ Explicit dependency on target 'React-Fabric' in project 'Pods'
        ➜ Explicit dependency on target 'React-cxxreact' in project 'Pods'
        ➜ Explicit dependency on target 'React-debug' in project 'Pods'
        ➜ Explicit dependency on target 'React-featureflags' in project 'Pods'
        ➜ Explicit dependency on target 'React-graphics' in project 'Pods'
        ➜ Explicit dependency on target 'React-hermes' in project 'Pods'
        ➜ Explicit dependency on target 'React-jsi' in project 'Pods'
        ➜ Explicit dependency on target 'React-jsiexecutor' in project 'Pods'
        ➜ Explicit dependency on target 'React-logger' in project 'Pods'
        ➜ Explicit dependency on target 'React-rendererdebug' in project 'Pods'
        ➜ Explicit dependency on target 'React-runtimescheduler' in project 'Pods'
        ➜ Explicit dependency on target 'React-utils' in project 'Pods'
        ➜ Explicit dependency on target 'ReactCommon' in project 'Pods'
        ➜ Explicit dependency on target 'Yoga' in project 'Pods'
        ➜ Explicit dependency on target 'fast_float' in project 'Pods'
        ➜ Explicit dependency on target 'fmt' in project 'Pods'
        ➜ Explicit dependency on target 'glog' in project 'Pods'
        ➜ Explicit dependency on target 'hermes-engine' in project 'Pods'
    Target 'React-NativeModulesApple' in project 'Pods'
        ➜ Explicit dependency on target 'React-Core' in project 'Pods'
        ➜ Explicit dependency on target 'React-callinvoker' in project 'Pods'
        ➜ Explicit dependency on target 'React-cxxreact' in project 'Pods'
        ➜ Explicit dependency on target 'React-featureflags' in project 'Pods'
        ➜ Explicit dependency on target 'React-hermes' in project 'Pods'
        ➜ Explicit dependency on target 'React-jsi' in project 'Pods'
        ➜ Explicit dependency on target 'React-jsinspector' in project 'Pods'
        ➜ Explicit dependency on target 'React-runtimeexecutor' in project 'Pods'
        ➜ Explicit dependency on target 'ReactCommon' in project 'Pods'
        ➜ Explicit dependency on target 'glog' in project 'Pods'
        ➜ Explicit dependency on target 'hermes-engine' in project 'Pods'
    Target 'React-ImageManager' in project 'Pods'
        ➜ Explicit dependency on target 'RCT-Folly' in project 'Pods'
        ➜ Explicit dependency on target 'React-Core' in project 'Pods'
        ➜ Explicit dependency on target 'React-Fabric' in project 'Pods'
        ➜ Explicit dependency on target 'React-debug' in project 'Pods'
        ➜ Explicit dependency on target 'React-graphics' in project 'Pods'
        ➜ Explicit dependency on target 'React-rendererdebug' in project 'Pods'
        ➜ Explicit dependency on target 'React-utils' in project 'Pods'
        ➜ Explicit dependency on target 'glog' in project 'Pods'
    Target 'React-Fabric' in project 'Pods'
        ➜ Explicit dependency on target 'DoubleConversion' in project 'Pods'
        ➜ Explicit dependency on target 'RCT-Folly' in project 'Pods'
        ➜ Explicit dependency on target 'RCTRequired' in project 'Pods'
        ➜ Explicit dependency on target 'RCTTypeSafety' in project 'Pods'
        ➜ Explicit dependency on target 'React-Core' in project 'Pods'
        ➜ Explicit dependency on target 'React-cxxreact' in project 'Pods'
        ➜ Explicit dependency on target 'React-debug' in project 'Pods'
        ➜ Explicit dependency on target 'React-featureflags' in project 'Pods'
        ➜ Explicit dependency on target 'React-graphics' in project 'Pods'
        ➜ Explicit dependency on target 'React-hermes' in project 'Pods'
        ➜ Explicit dependency on target 'React-jsi' in project 'Pods'
        ➜ Explicit dependency on target 'React-jsiexecutor' in project 'Pods'
        ➜ Explicit dependency on target 'React-logger' in project 'Pods'
        ➜ Explicit dependency on target 'React-performancetimeline' in project 'Pods'
        ➜ Explicit dependency on target 'React-rendererconsistency' in project 'Pods'
        ➜ Explicit dependency on target 'React-renderercss' in project 'Pods'
        ➜ Explicit dependency on target 'React-rendererdebug' in project 'Pods'
        ➜ Explicit dependency on target 'React-runtimescheduler' in project 'Pods'
        ➜ Explicit dependency on target 'React-utils' in project 'Pods'
        ➜ Explicit dependency on target 'ReactCommon' in project 'Pods'
        ➜ Explicit dependency on target 'Yoga' in project 'Pods'
        ➜ Explicit dependency on target 'fast_float' in project 'Pods'
        ➜ Explicit dependency on target 'fmt' in project 'Pods'
        ➜ Explicit dependency on target 'glog' in project 'Pods'
        ➜ Explicit dependency on target 'hermes-engine' in project 'Pods'
    Target 'ReactCommon' in project 'Pods'
        ➜ Explicit dependency on target 'DoubleConversion' in project 'Pods'
        ➜ Explicit dependency on target 'RCT-Folly' in project 'Pods'
        ➜ Explicit dependency on target 'React-callinvoker' in project 'Pods'
        ➜ Explicit dependency on target 'React-cxxreact' in project 'Pods'
        ➜ Explicit dependency on target 'React-debug' in project 'Pods'
        ➜ Explicit dependency on target 'React-featureflags' in project 'Pods'
        ➜ Explicit dependency on target 'React-jsi' in project 'Pods'
        ➜ Explicit dependency on target 'React-logger' in project 'Pods'
        ➜ Explicit dependency on target 'React-perflogger' in project 'Pods'
        ➜ Explicit dependency on target 'React-utils' in project 'Pods'
        ➜ Explicit dependency on target 'fast_float' in project 'Pods'
        ➜ Explicit dependency on target 'fmt' in project 'Pods'
        ➜ Explicit dependency on target 'glog' in project 'Pods'
        ➜ Explicit dependency on target 'hermes-engine' in project 'Pods'
    Target 'React-renderercss' in project 'Pods'
        ➜ Explicit dependency on target 'React-debug' in project 'Pods'
        ➜ Explicit dependency on target 'React-utils' in project 'Pods'
    Target 'React-graphics' in project 'Pods'
        ➜ Explicit dependency on target 'DoubleConversion' in project 'Pods'
        ➜ Explicit dependency on target 'RCT-Folly' in project 'Pods'
        ➜ Explicit dependency on target 'React-hermes' in project 'Pods'
        ➜ Explicit dependency on target 'React-jsi' in project 'Pods'
        ➜ Explicit dependency on target 'React-jsiexecutor' in project 'Pods'
        ➜ Explicit dependency on target 'React-utils' in project 'Pods'
        ➜ Explicit dependency on target 'fast_float' in project 'Pods'
        ➜ Explicit dependency on target 'fmt' in project 'Pods'
        ➜ Explicit dependency on target 'glog' in project 'Pods'
        ➜ Explicit dependency on target 'hermes-engine' in project 'Pods'
    Target 'RNCAsyncStorage-RNCAsyncStorage_resources' in project 'Pods' (no dependencies)
    Target 'RCTTypeSafety' in project 'Pods'
        ➜ Explicit dependency on target 'FBLazyVector' in project 'Pods'
        ➜ Explicit dependency on target 'RCTRequired' in project 'Pods'
        ➜ Explicit dependency on target 'React-Core' in project 'Pods'
    Target 'RCTRequired' in project 'Pods' (no dependencies)
    Target 'PurchasesHybridCommonUI' in project 'Pods'
        ➜ Explicit dependency on target 'PurchasesHybridCommon' in project 'Pods'
        ➜ Explicit dependency on target 'RevenueCatUI' in project 'Pods'
    Target 'RevenueCatUI' in project 'Pods'
        ➜ Explicit dependency on target 'RevenueCat' in project 'Pods'
        ➜ Explicit dependency on target 'RevenueCatUI-RevenueCat_RevenueCatUI' in project 'Pods'
    Target 'RevenueCatUI-RevenueCat_RevenueCatUI' in project 'Pods' (no dependencies)
    Target 'PurchasesHybridCommon' in project 'Pods'
        ➜ Explicit dependency on target 'PurchasesHybridCommon-PurchasesHybridCommon' in project 'Pods'
        ➜ Explicit dependency on target 'RevenueCat' in project 'Pods'
    Target 'RevenueCat' in project 'Pods'
        ➜ Explicit dependency on target 'RevenueCat-RevenueCat' in project 'Pods'
    Target 'RevenueCat-RevenueCat' in project 'Pods' (no dependencies)
    Target 'PurchasesHybridCommon-PurchasesHybridCommon' in project 'Pods' (no dependencies)
    Target 'Firebase' in project 'Pods'
        ➜ Explicit dependency on target 'FirebaseAuth' in project 'Pods'
        ➜ Explicit dependency on target 'FirebaseCore' in project 'Pods'
        ➜ Explicit dependency on target 'FirebaseFirestore' in project 'Pods'
    Target 'FirebaseFirestore' in project 'Pods'
        ➜ Explicit dependency on target 'FirebaseCore' in project 'Pods'
        ➜ Explicit dependency on target 'FirebaseCoreExtension' in project 'Pods'
        ➜ Explicit dependency on target 'FirebaseFirestore-FirebaseFirestore_Privacy' in project 'Pods'
        ➜ Explicit dependency on target 'FirebaseFirestoreInternal' in project 'Pods'
        ➜ Explicit dependency on target 'FirebaseSharedSwift' in project 'Pods'
    Target 'FirebaseSharedSwift' in project 'Pods' (no dependencies)
    Target 'FirebaseFirestoreInternal' in project 'Pods'
        ➜ Explicit dependency on target 'FirebaseAppCheckInterop' in project 'Pods'
        ➜ Explicit dependency on target 'FirebaseCore' in project 'Pods'
        ➜ Explicit dependency on target 'FirebaseFirestoreInternal-FirebaseFirestoreInternal_Privacy' in project 'Pods'
        ➜ Explicit dependency on target 'abseil' in project 'Pods'
        ➜ Explicit dependency on target 'gRPC-C++' in project 'Pods'
        ➜ Explicit dependency on target 'gRPC-Core' in project 'Pods'
        ➜ Explicit dependency on target 'leveldb-library' in project 'Pods'
        ➜ Explicit dependency on target 'nanopb' in project 'Pods'
    Target 'nanopb' in project 'Pods'
        ➜ Explicit dependency on target 'nanopb-nanopb_Privacy' in project 'Pods'
    Target 'nanopb-nanopb_Privacy' in project 'Pods' (no dependencies)
    Target 'leveldb-library' in project 'Pods'
        ➜ Explicit dependency on target 'leveldb-library-leveldb_Privacy' in project 'Pods'
    Target 'leveldb-library-leveldb_Privacy' in project 'Pods' (no dependencies)
    Target 'gRPC-C++' in project 'Pods'
        ➜ Explicit dependency on target 'abseil' in project 'Pods'
        ➜ Explicit dependency on target 'gRPC-C++-gRPCCertificates-Cpp' in project 'Pods'
        ➜ Explicit dependency on target 'gRPC-C++-grpcpp' in project 'Pods'
        ➜ Explicit dependency on target 'gRPC-Core' in project 'Pods'
    Target 'gRPC-Core' in project 'Pods'
        ➜ Explicit dependency on target 'BoringSSL-GRPC' in project 'Pods'
        ➜ Explicit dependency on target 'abseil' in project 'Pods'
        ➜ Explicit dependency on target 'gRPC-Core-grpc' in project 'Pods'
    Target 'gRPC-Core-grpc' in project 'Pods' (no dependencies)
    Target 'gRPC-C++-grpcpp' in project 'Pods' (no dependencies)
    Target 'gRPC-C++-gRPCCertificates-Cpp' in project 'Pods' (no dependencies)
    Target 'abseil' in project 'Pods'
        ➜ Explicit dependency on target 'abseil-xcprivacy' in project 'Pods'
    Target 'abseil-xcprivacy' in project 'Pods' (no dependencies)
    Target 'FirebaseFirestoreInternal-FirebaseFirestoreInternal_Privacy' in project 'Pods' (no dependencies)
    Target 'FirebaseFirestore-FirebaseFirestore_Privacy' in project 'Pods' (no dependencies)
    Target 'FirebaseAuth' in project 'Pods'
        ➜ Explicit dependency on target 'FirebaseAppCheckInterop' in project 'Pods'
        ➜ Explicit dependency on target 'FirebaseAuth-FirebaseAuth_Privacy' in project 'Pods'
        ➜ Explicit dependency on target 'FirebaseAuthInterop' in project 'Pods'
        ➜ Explicit dependency on target 'FirebaseCore' in project 'Pods'
        ➜ Explicit dependency on target 'FirebaseCoreExtension' in project 'Pods'
        ➜ Explicit dependency on target 'GTMSessionFetcher' in project 'Pods'
        ➜ Explicit dependency on target 'GoogleUtilities' in project 'Pods'
        ➜ Explicit dependency on target 'RecaptchaInterop' in project 'Pods'
    Target 'RecaptchaInterop' in project 'Pods' (no dependencies)
    Target 'GTMSessionFetcher' in project 'Pods'
        ➜ Explicit dependency on target 'GTMSessionFetcher-GTMSessionFetcher_Core_Privacy' in project 'Pods'
    Target 'GTMSessionFetcher-GTMSessionFetcher_Core_Privacy' in project 'Pods' (no dependencies)
    Target 'FirebaseCoreExtension' in project 'Pods'
        ➜ Explicit dependency on target 'FirebaseCore' in project 'Pods'
        ➜ Explicit dependency on target 'FirebaseCoreExtension-FirebaseCoreExtension_Privacy' in project 'Pods'
    Target 'FirebaseCoreExtension-FirebaseCoreExtension_Privacy' in project 'Pods' (no dependencies)
    Target 'FirebaseCore' in project 'Pods'
        ➜ Explicit dependency on target 'FirebaseCore-FirebaseCore_Privacy' in project 'Pods'
        ➜ Explicit dependency on target 'FirebaseCoreInternal' in project 'Pods'
        ➜ Explicit dependency on target 'GoogleUtilities' in project 'Pods'
    Target 'FirebaseCoreInternal' in project 'Pods'
        ➜ Explicit dependency on target 'FirebaseCoreInternal-FirebaseCoreInternal_Privacy' in project 'Pods'
        ➜ Explicit dependency on target 'GoogleUtilities' in project 'Pods'
    Target 'GoogleUtilities' in project 'Pods'
        ➜ Explicit dependency on target 'GoogleUtilities-GoogleUtilities_Privacy' in project 'Pods'
    Target 'GoogleUtilities-GoogleUtilities_Privacy' in project 'Pods' (no dependencies)
    Target 'FirebaseCoreInternal-FirebaseCoreInternal_Privacy' in project 'Pods' (no dependencies)
    Target 'FirebaseCore-FirebaseCore_Privacy' in project 'Pods' (no dependencies)
    Target 'FirebaseAuthInterop' in project 'Pods' (no dependencies)
    Target 'FirebaseAuth-FirebaseAuth_Privacy' in project 'Pods' (no dependencies)
    Target 'FirebaseAppCheckInterop' in project 'Pods' (no dependencies)
    Target 'FBLazyVector' in project 'Pods' (no dependencies)
    Target 'BoringSSL-GRPC' in project 'Pods'
        ➜ Explicit dependency on target 'BoringSSL-GRPC-openssl_grpc' in project 'Pods'
    Target 'BoringSSL-GRPC-openssl_grpc' in project 'Pods' (no dependencies)
    Target 'BVLinearGradient' in project 'Pods'
        ➜ Explicit dependency on target 'React-Core' in project 'Pods'
    Target 'React-Core' in project 'Pods'
        ➜ Explicit dependency on target 'RCT-Folly' in project 'Pods'
        ➜ Explicit dependency on target 'RCTDeprecation' in project 'Pods'
        ➜ Explicit dependency on target 'React-Core-React-Core_privacy' in project 'Pods'
        ➜ Explicit dependency on target 'React-cxxreact' in project 'Pods'
        ➜ Explicit dependency on target 'React-featureflags' in project 'Pods'
        ➜ Explicit dependency on target 'React-hermes' in project 'Pods'
        ➜ Explicit dependency on target 'React-jsi' in project 'Pods'
        ➜ Explicit dependency on target 'React-jsiexecutor' in project 'Pods'
        ➜ Explicit dependency on target 'React-jsinspector' in project 'Pods'
        ➜ Explicit dependency on target 'React-jsitooling' in project 'Pods'
        ➜ Explicit dependency on target 'React-perflogger' in project 'Pods'
        ➜ Explicit dependency on target 'React-runtimescheduler' in project 'Pods'
        ➜ Explicit dependency on target 'React-utils' in project 'Pods'
        ➜ Explicit dependency on target 'SocketRocket' in project 'Pods'
        ➜ Explicit dependency on target 'Yoga' in project 'Pods'
        ➜ Explicit dependency on target 'glog' in project 'Pods'
        ➜ Explicit dependency on target 'hermes-engine' in project 'Pods'
    Target 'Yoga' in project 'Pods' (no dependencies)
    Target 'SocketRocket' in project 'Pods' (no dependencies)
    Target 'React-runtimescheduler' in project 'Pods'
        ➜ Explicit dependency on target 'RCT-Folly' in project 'Pods'
        ➜ Explicit dependency on target 'React-callinvoker' in project 'Pods'
        ➜ Explicit dependency on target 'React-cxxreact' in project 'Pods'
        ➜ Explicit dependency on target 'React-debug' in project 'Pods'
        ➜ Explicit dependency on target 'React-featureflags' in project 'Pods'
        ➜ Explicit dependency on target 'React-hermes' in project 'Pods'
        ➜ Explicit dependency on target 'React-jsi' in project 'Pods'
        ➜ Explicit dependency on target 'React-jsinspectortracing' in project 'Pods'
        ➜ Explicit dependency on target 'React-performancetimeline' in project 'Pods'
        ➜ Explicit dependency on target 'React-rendererconsistency' in project 'Pods'
        ➜ Explicit dependency on target 'React-rendererdebug' in project 'Pods'
        ➜ Explicit dependency on target 'React-runtimeexecutor' in project 'Pods'
        ➜ Explicit dependency on target 'React-timing' in project 'Pods'
        ➜ Explicit dependency on target 'React-utils' in project 'Pods'
        ➜ Explicit dependency on target 'glog' in project 'Pods'
        ➜ Explicit dependency on target 'hermes-engine' in project 'Pods'
    Target 'React-utils' in project 'Pods'
        ➜ Explicit dependency on target 'RCT-Folly' in project 'Pods'
        ➜ Explicit dependency on target 'React-debug' in project 'Pods'
        ➜ Explicit dependency on target 'React-hermes' in project 'Pods'
        ➜ Explicit dependency on target 'React-jsi' in project 'Pods'
        ➜ Explicit dependency on target 'glog' in project 'Pods'
        ➜ Explicit dependency on target 'hermes-engine' in project 'Pods'
    Target 'React-rendererdebug' in project 'Pods'
        ➜ Explicit dependency on target 'DoubleConversion' in project 'Pods'
        ➜ Explicit dependency on target 'RCT-Folly' in project 'Pods'
        ➜ Explicit dependency on target 'React-debug' in project 'Pods'
        ➜ Explicit dependency on target 'fast_float' in project 'Pods'
        ➜ Explicit dependency on target 'fmt' in project 'Pods'
    Target 'React-rendererconsistency' in project 'Pods' (no dependencies)
    Target 'React-performancetimeline' in project 'Pods'
        ➜ Explicit dependency on target 'RCT-Folly' in project 'Pods'
        ➜ Explicit dependency on target 'React-cxxreact' in project 'Pods'
        ➜ Explicit dependency on target 'React-featureflags' in project 'Pods'
        ➜ Explicit dependency on target 'React-jsinspectortracing' in project 'Pods'
        ➜ Explicit dependency on target 'React-perflogger' in project 'Pods'
        ➜ Explicit dependency on target 'React-timing' in project 'Pods'
    Target 'React-jsitooling' in project 'Pods'
        ➜ Explicit dependency on target 'DoubleConversion' in project 'Pods'
        ➜ Explicit dependency on target 'RCT-Folly' in project 'Pods'
        ➜ Explicit dependency on target 'React-cxxreact' in project 'Pods'
        ➜ Explicit dependency on target 'React-jsi' in project 'Pods'
        ➜ Explicit dependency on target 'React-jsinspector' in project 'Pods'
        ➜ Explicit dependency on target 'React-jsinspectortracing' in project 'Pods'
        ➜ Explicit dependency on target 'fast_float' in project 'Pods'
        ➜ Explicit dependency on target 'fmt' in project 'Pods'
        ➜ Explicit dependency on target 'glog' in project 'Pods'
    Target 'React-hermes' in project 'Pods'
        ➜ Explicit dependency on target 'DoubleConversion' in project 'Pods'
        ➜ Explicit dependency on target 'RCT-Folly' in project 'Pods'
        ➜ Explicit dependency on target 'React-cxxreact' in project 'Pods'
        ➜ Explicit dependency on target 'React-jsi' in project 'Pods'
        ➜ Explicit dependency on target 'React-jsiexecutor' in project 'Pods'
        ➜ Explicit dependency on target 'React-jsinspector' in project 'Pods'
        ➜ Explicit dependency on target 'React-jsinspectortracing' in project 'Pods'
        ➜ Explicit dependency on target 'React-perflogger' in project 'Pods'
        ➜ Explicit dependency on target 'React-runtimeexecutor' in project 'Pods'
        ➜ Explicit dependency on target 'fast_float' in project 'Pods'
        ➜ Explicit dependency on target 'fmt' in project 'Pods'
        ➜ Explicit dependency on target 'glog' in project 'Pods'
        ➜ Explicit dependency on target 'hermes-engine' in project 'Pods'
    Target 'React-jsiexecutor' in project 'Pods'
        ➜ Explicit dependency on target 'DoubleConversion' in project 'Pods'
        ➜ Explicit dependency on target 'RCT-Folly' in project 'Pods'
        ➜ Explicit dependency on target 'React-cxxreact' in project 'Pods'
        ➜ Explicit dependency on target 'React-jsi' in project 'Pods'
        ➜ Explicit dependency on target 'React-jsinspector' in project 'Pods'
        ➜ Explicit dependency on target 'React-jsinspectortracing' in project 'Pods'
        ➜ Explicit dependency on target 'React-perflogger' in project 'Pods'
        ➜ Explicit dependency on target 'fast_float' in project 'Pods'
        ➜ Explicit dependency on target 'fmt' in project 'Pods'
        ➜ Explicit dependency on target 'glog' in project 'Pods'
        ➜ Explicit dependency on target 'hermes-engine' in project 'Pods'
    Target 'React-cxxreact' in project 'Pods'
        ➜ Explicit dependency on target 'DoubleConversion' in project 'Pods'
        ➜ Explicit dependency on target 'RCT-Folly' in project 'Pods'
        ➜ Explicit dependency on target 'React-callinvoker' in project 'Pods'
        ➜ Explicit dependency on target 'React-cxxreact-React-cxxreact_privacy' in project 'Pods'
        ➜ Explicit dependency on target 'React-debug' in project 'Pods'
        ➜ Explicit dependency on target 'React-jsi' in project 'Pods'
        ➜ Explicit dependency on target 'React-jsinspector' in project 'Pods'
        ➜ Explicit dependency on target 'React-jsinspectortracing' in project 'Pods'
        ➜ Explicit dependency on target 'React-logger' in project 'Pods'
        ➜ Explicit dependency on target 'React-perflogger' in project 'Pods'
        ➜ Explicit dependency on target 'React-runtimeexecutor' in project 'Pods'
        ➜ Explicit dependency on target 'React-timing' in project 'Pods'
        ➜ Explicit dependency on target 'boost' in project 'Pods'
        ➜ Explicit dependency on target 'fast_float' in project 'Pods'
        ➜ Explicit dependency on target 'fmt' in project 'Pods'
        ➜ Explicit dependency on target 'glog' in project 'Pods'
        ➜ Explicit dependency on target 'hermes-engine' in project 'Pods'
    Target 'React-timing' in project 'Pods' (no dependencies)
    Target 'React-logger' in project 'Pods'
        ➜ Explicit dependency on target 'glog' in project 'Pods'
    Target 'React-jsinspector' in project 'Pods'
        ➜ Explicit dependency on target 'DoubleConversion' in project 'Pods'
        ➜ Explicit dependency on target 'RCT-Folly' in project 'Pods'
        ➜ Explicit dependency on target 'React-featureflags' in project 'Pods'
        ➜ Explicit dependency on target 'React-jsi' in project 'Pods'
        ➜ Explicit dependency on target 'React-jsinspectortracing' in project 'Pods'
        ➜ Explicit dependency on target 'React-perflogger' in project 'Pods'
        ➜ Explicit dependency on target 'React-runtimeexecutor' in project 'Pods'
        ➜ Explicit dependency on target 'glog' in project 'Pods'
        ➜ Explicit dependency on target 'hermes-engine' in project 'Pods'
    Target 'React-runtimeexecutor' in project 'Pods'
        ➜ Explicit dependency on target 'React-jsi' in project 'Pods'
    Target 'React-perflogger' in project 'Pods'
        ➜ Explicit dependency on target 'DoubleConversion' in project 'Pods'
        ➜ Explicit dependency on target 'RCT-Folly' in project 'Pods'
    Target 'React-jsinspectortracing' in project 'Pods'
        ➜ Explicit dependency on target 'RCT-Folly' in project 'Pods'
        ➜ Explicit dependency on target 'React-oscompat' in project 'Pods'
    Target 'React-oscompat' in project 'Pods' (no dependencies)
    Target 'React-featureflags' in project 'Pods'
        ➜ Explicit dependency on target 'RCT-Folly' in project 'Pods'
    Target 'React-jsi' in project 'Pods'
        ➜ Explicit dependency on target 'DoubleConversion' in project 'Pods'
        ➜ Explicit dependency on target 'RCT-Folly' in project 'Pods'
        ➜ Explicit dependency on target 'boost' in project 'Pods'
        ➜ Explicit dependency on target 'fast_float' in project 'Pods'
        ➜ Explicit dependency on target 'fmt' in project 'Pods'
        ➜ Explicit dependency on target 'glog' in project 'Pods'
        ➜ Explicit dependency on target 'hermes-engine' in project 'Pods'
    Target 'hermes-engine' in project 'Pods' (no dependencies)
    Target 'React-debug' in project 'Pods' (no dependencies)
    Target 'React-cxxreact-React-cxxreact_privacy' in project 'Pods' (no dependencies)
    Target 'React-callinvoker' in project 'Pods' (no dependencies)
    Target 'React-Core-React-Core_privacy' in project 'Pods' (no dependencies)
    Target 'RCTDeprecation' in project 'Pods' (no dependencies)
    Target 'RCT-Folly' in project 'Pods'
        ➜ Explicit dependency on target 'DoubleConversion' in project 'Pods'
        ➜ Explicit dependency on target 'RCT-Folly-RCT-Folly_privacy' in project 'Pods'
        ➜ Explicit dependency on target 'boost' in project 'Pods'
        ➜ Explicit dependency on target 'fast_float' in project 'Pods'
        ➜ Explicit dependency on target 'fmt' in project 'Pods'
        ➜ Explicit dependency on target 'glog' in project 'Pods'
    Target 'glog' in project 'Pods'
        ➜ Explicit dependency on target 'glog-glog_privacy' in project 'Pods'
    Target 'glog-glog_privacy' in project 'Pods' (no dependencies)
    Target 'fmt' in project 'Pods' (no dependencies)
    Target 'fast_float' in project 'Pods' (no dependencies)
    Target 'boost' in project 'Pods'
        ➜ Explicit dependency on target 'boost-boost_privacy' in project 'Pods'
    Target 'boost-boost_privacy' in project 'Pods' (no dependencies)
    Target 'RCT-Folly-RCT-Folly_privacy' in project 'Pods' (no dependencies)
    Target 'DoubleConversion' in project 'Pods' (no dependencies)

GatherProvisioningInputs

CreateBuildDescription

ExecuteExternalTool /Applications/Xcode.app/Contents/Developer/Toolchains/XcodeDefault.xctoolchain/usr/bin/clang -v -E -dM -isysroot /Applications/Xcode.app/Contents/Developer/Platforms/iPhoneSimulator.platform/Developer/SDKs/iPhoneSimulator26.2.sdk -x c -c /dev/null

ExecuteExternalTool /Applications/Xcode.app/Contents/Developer/Toolchains/XcodeDefault.xctoolchain/usr/bin/clang -v -E -dM -arch arm64 -isysroot /Applications/Xcode.app/Contents/Developer/Platforms/iPhoneSimulator.platform/Developer/SDKs/iPhoneSimulator26.2.sdk -x c -c /dev/null

ExecuteExternalTool /Applications/Xcode.app/Contents/Developer/Toolchains/XcodeDefault.xctoolchain/usr/bin/clang -v -E -dM -arch arm64 -isysroot /Applications/Xcode.app/Contents/Developer/Platforms/iPhoneSimulator.platform/Developer/SDKs/iPhoneSimulator26.2.sdk -x c++ -c /dev/null

ExecuteExternalTool /Applications/Xcode.app/Contents/Developer/Toolchains/XcodeDefault.xctoolchain/usr/bin/clang -v -E -dM -arch arm64 -isysroot /Applications/Xcode.app/Contents/Developer/Platforms/iPhoneSimulator.platform/Developer/SDKs/iPhoneSimulator26.2.sdk -x objective-c -c /dev/null

ExecuteExternalTool /Applications/Xcode.app/Contents/Developer/Toolchains/XcodeDefault.xctoolchain/usr/bin/clang -v -E -dM -arch arm64 -isysroot /Applications/Xcode.app/Contents/Developer/Platforms/iPhoneSimulator.platform/Developer/SDKs/iPhoneSimulator26.2.sdk -x objective-c++ -c /dev/null

ExecuteExternalTool /Applications/Xcode.app/Contents/Developer/Toolchains/XcodeDefault.xctoolchain/usr/bin/libtool -V

ExecuteExternalTool /Applications/Xcode.app/Contents/Developer/Toolchains/XcodeDefault.xctoolchain/usr/bin/clang -v -E -dM -arch arm64 -isysroot /Applications/Xcode.app/Contents/Developer/Platforms/iPhoneSimulator.platform/Developer/SDKs/iPhoneSimulator26.2.sdk -x assembler-with-cpp -c /dev/null

ExecuteExternalTool /Applications/Xcode.app/Contents/Developer/Toolchains/XcodeDefault.xctoolchain/usr/bin/swiftc --version

ExecuteExternalTool /Applications/Xcode.app/Contents/Developer/usr/bin/actool --version --output-format xml1

ExecuteExternalTool /Applications/Xcode.app/Contents/Developer/usr/bin/ibtool --version --output-format xml1

ExecuteExternalTool /Applications/Xcode.app/Contents/Developer/usr/bin/actool --print-asset-tag-combinations --output-format xml1 /Users/kashif/Documents/GitHub/DoctoroncallNew/ios/doctoroncall/Images.xcassets

ExecuteExternalTool /Applications/Xcode.app/Contents/Developer/Toolchains/XcodeDefault.xctoolchain/usr/bin/ld -version_details

Build description signature: d3020f24911a8d5f3aa9c09b1e05bbab
Build description path: /Users/kashif/Library/Developer/Xcode/DerivedData/doctoroncall-autidjmoegkjsqfaaopcibfjpldp/Build/Intermediates.noindex/XCBuildData/d3020f24911a8d5f3aa9c09b1e05bbab.xcbuilddata
ClangStatCache /Applications/Xcode.app/Contents/Developer/Toolchains/XcodeDefault.xctoolchain/usr/bin/clang-stat-cache /Applications/Xcode.app/Contents/Developer/Platforms/iPhoneSimulator.platform/Developer/SDKs/iPhoneSimulator26.2.sdk /Users/kashif/Library/Developer/Xcode/DerivedData/SDKStatCaches.noindex/iphonesimulator26.2-23C57-7d00a8b37fbd7999ea79df8ebc024bf0.sdkstatcache
    cd /Users/kashif/Documents/GitHub/DoctoroncallNew/ios
    /Applications/Xcode.app/Contents/Developer/Toolchains/XcodeDefault.xctoolchain/usr/bin/clang-stat-cache /Applications/Xcode.app/Contents/Developer/Platforms/iPhoneSimulator.platform/Developer/SDKs/iPhoneSimulator26.2.sdk -o /Users/kashif/Library/Developer/Xcode/DerivedData/SDKStatCaches.noindex/iphonesimulator26.2-23C57-7d00a8b37fbd7999ea79df8ebc024bf0.sdkstatcache
Base directory status changed. Regenerating...

Copy /Users/kashif/Library/Developer/Xcode/DerivedData/doctoroncall-autidjmoegkjsqfaaopcibfjpldp/Build/Products/Debug-iphonesimulator/fmt/fmt.framework/Headers/fmt/std.h /Users/kashif/Documents/GitHub/DoctoroncallNew/ios/Pods/fmt/include/fmt/std.h (in target 'fmt' from project 'Pods')
    cd /Users/kashif/Documents/GitHub/DoctoroncallNew/ios/Pods
    builtin-copy -exclude .DS_Store -exclude CVS -exclude .svn -exclude .git -exclude .hg -resolve-src-symlinks -remove-static-executable /Users/kashif/Documents/GitHub/DoctoroncallNew/ios/Pods/fmt/include/fmt/std.h /Users/kashif/Library/Developer/Xcode/DerivedData/doctoroncall-autidjmoegkjsqfaaopcibfjpldp/Build/Products/Debug-iphonesimulator/fmt/fmt.framework/Headers/fmt

Copy /Users/kashif/Library/Developer/Xcode/DerivedData/doctoroncall-autidjmoegkjsqfaaopcibfjpldp/Build/Products/Debug-iphonesimulator/fmt/fmt.framework/Headers/fmt/ranges.h /Users/kashif/Documents/GitHub/DoctoroncallNew/ios/Pods/fmt/include/fmt/ranges.h (in target 'fmt' from project 'Pods')
    cd /Users/kashif/Documents/GitHub/DoctoroncallNew/ios/Pods
    builtin-copy -exclude .DS_Store -exclude CVS -exclude .svn -exclude .git -exclude .hg -resolve-src-symlinks -remove-static-executable /Users/kashif/Documents/GitHub/DoctoroncallNew/ios/Pods/fmt/include/fmt/ranges.h /Users/kashif/Library/Developer/Xcode/DerivedData/doctoroncall-autidjmoegkjsqfaaopcibfjpldp/Build/Products/Debug-iphonesimulator/fmt/fmt.framework/Headers/fmt

Copy /Users/kashif/Library/Developer/Xcode/DerivedData/doctoroncall-autidjmoegkjsqfaaopcibfjpldp/Build/Products/Debug-iphonesimulator/fmt/fmt.framework/Headers/fmt/printf.h /Users/kashif/Documents/GitHub/DoctoroncallNew/ios/Pods/fmt/include/fmt/printf.h (in target 'fmt' from project 'Pods')
    cd /Users/kashif/Documents/GitHub/DoctoroncallNew/ios/Pods
    builtin-copy -exclude .DS_Store -exclude CVS -exclude .svn -exclude .git -exclude .hg -resolve-src-symlinks -remove-static-executable /Users/kashif/Documents/GitHub/DoctoroncallNew/ios/Pods/fmt/include/fmt/printf.h /Users/kashif/Library/Developer/Xcode/DerivedData/doctoroncall-autidjmoegkjsqfaaopcibfjpldp/Build/Products/Debug-iphonesimulator/fmt/fmt.framework/Headers/fmt

Copy /Users/kashif/Library/Developer/Xcode/DerivedData/doctoroncall-autidjmoegkjsqfaaopcibfjpldp/Build/Products/Debug-iphonesimulator/fmt/fmt.framework/Headers/fmt/ostream.h /Users/kashif/Documents/GitHub/DoctoroncallNew/ios/Pods/fmt/include/fmt/ostream.h (in target 'fmt' from project 'Pods')
    cd /Users/kashif/Documents/GitHub/DoctoroncallNew/ios/Pods
    builtin-copy -exclude .DS_Store -exclude CVS -exclude .svn -exclude .git -exclude .hg -resolve-src-symlinks -remove-static-executable /Users/kashif/Documents/GitHub/DoctoroncallNew/ios/Pods/fmt/include/fmt/ostream.h /Users/kashif/Library/Developer/Xcode/DerivedData/doctoroncall-autidjmoegkjsqfaaopcibfjpldp/Build/Products/Debug-iphonesimulator/fmt/fmt.framework/Headers/fmt

Copy /Users/kashif/Library/Developer/Xcode/DerivedData/doctoroncall-autidjmoegkjsqfaaopcibfjpldp/Build/Products/Debug-iphonesimulator/fmt/fmt.framework/Headers/fmt/xchar.h /Users/kashif/Documents/GitHub/DoctoroncallNew/ios/Pods/fmt/include/fmt/xchar.h (in target 'fmt' from project 'Pods')
    cd /Users/kashif/Documents/GitHub/DoctoroncallNew/ios/Pods
    builtin-copy -exclude .DS_Store -exclude CVS -exclude .svn -exclude .git -exclude .hg -resolve-src-symlinks -remove-static-executable /Users/kashif/Documents/GitHub/DoctoroncallNew/ios/Pods/fmt/include/fmt/xchar.h /Users/kashif/Library/Developer/Xcode/DerivedData/doctoroncall-autidjmoegkjsqfaaopcibfjpldp/Build/Products/Debug-iphonesimulator/fmt/fmt.framework/Headers/fmt

Copy /Users/kashif/Library/Developer/Xcode/DerivedData/doctoroncall-autidjmoegkjsqfaaopcibfjpldp/Build/Products/Debug-iphonesimulator/fmt/fmt.framework/Headers/fmt/os.h /Users/kashif/Documents/GitHub/DoctoroncallNew/ios/Pods/fmt/include/fmt/os.h (in target 'fmt' from project 'Pods')
    cd /Users/kashif/Documents/GitHub/DoctoroncallNew/ios/Pods
    builtin-copy -exclude .DS_Store -exclude CVS -exclude .svn -exclude .git -exclude .hg -resolve-src-symlinks -remove-static-executable /Users/kashif/Documents/GitHub/DoctoroncallNew/ios/Pods/fmt/include/fmt/os.h /Users/kashif/Library/Developer/Xcode/DerivedData/doctoroncall-autidjmoegkjsqfaaopcibfjpldp/Build/Products/Debug-iphonesimulator/fmt/fmt.framework/Headers/fmt

Copy /Users/kashif/Library/Developer/Xcode/DerivedData/doctoroncall-autidjmoegkjsqfaaopcibfjpldp/Build/Products/Debug-iphonesimulator/fmt/fmt.framework/Headers/fmt/format.h /Users/kashif/Documents/GitHub/DoctoroncallNew/ios/Pods/fmt/include/fmt/format.h (in target 'fmt' from project 'Pods')
    cd /Users/kashif/Documents/GitHub/DoctoroncallNew/ios/Pods
    builtin-copy -exclude .DS_Store -exclude CVS -exclude .svn -exclude .git -exclude .hg -resolve-src-symlinks -remove-static-executable /Users/kashif/Documents/GitHub/DoctoroncallNew/ios/Pods/fmt/include/fmt/format.h /Users/kashif/Library/Developer/Xcode/DerivedData/doctoroncall-autidjmoegkjsqfaaopcibfjpldp/Build/Products/Debug-iphonesimulator/fmt/fmt.framework/Headers/fmt

PhaseScriptExecution [CP-User]\ [Hermes]\ Replace\ Hermes\ for\ the\ right\ configuration,\ if\ needed /Users/kashif/Library/Developer/Xcode/DerivedData/doctoroncall-autidjmoegkjsqfaaopcibfjpldp/Build/Intermediates.noindex/Pods.build/Debug-iphonesimulator/hermes-engine.build/Script-46EB2E00067AD0.sh (in target 'hermes-engine' from project 'Pods')
    cd /Users/kashif/Documents/GitHub/DoctoroncallNew/ios/Pods
    export ACTION\=build
    export AD_HOC_CODE_SIGNING_ALLOWED\=YES
    export ALLOW_BUILD_REQUEST_OVERRIDES\=NO
    export ALLOW_TARGET_PLATFORM_SPECIALIZATION\=NO
    export ALTERNATE_GROUP\=staff
    export ALTERNATE_MODE\=u+w,go-w,a+rX
    export ALTERNATE_OWNER\=kashif
    export ALTERNATIVE_DISTRIBUTION_WEB\=NO
    export ALWAYS_EMBED_SWIFT_STANDARD_LIBRARIES\=NO
    export ALWAYS_SEARCH_USER_PATHS\=NO
    export ALWAYS_USE_SEPARATE_HEADERMAPS\=NO
    export ANDROID_DEPLOYMENT_TARGET\=21.0
    export APPLICATION_EXTENSION_API_ONLY\=NO
    export APPLY_RULES_IN_COPY_FILES\=NO
    export APPLY_RULES_IN_COPY_HEADERS\=NO
    export APP_SHORTCUTS_ENABLE_FLEXIBLE_MATCHING\=YES
    export ARCHS\=arm64
    export ARCHS_STANDARD\=arm64\ x86_64
    export ARCHS_STANDARD_32_64_BIT\=arm64\ x86_64
    export ARCHS_STANDARD_64_BIT\=arm64\ x86_64
    export ARCHS_STANDARD_INCLUDING_64_BIT\=arm64\ x86_64
    export ARCHS_UNIVERSAL_IPHONE_OS\=arm64\ x86_64
    export ASSETCATALOG_COMPILER_APPICON_NAME\=AppIcon
    export ASSETCATALOG_COMPILER_GLOBAL_ACCENT_COLOR_NAME\=AccentColor
    export ASSETCATALOG_FILTER_FOR_DEVICE_MODEL\=iPhone17,5
    export ASSETCATALOG_FILTER_FOR_DEVICE_OS_VERSION\=26.2
    export ASSETCATALOG_FILTER_FOR_THINNING_DEVICE_CONFIGURATION\=iPhone17,5
    export AUTOMATICALLY_MERGE_DEPENDENCIES\=NO
    export AUTOMATION_APPLE_EVENTS\=NO
    export AVAILABLE_PLATFORMS\=android\ appletvos\ appletvsimulator\ driverkit\ iphoneos\ iphonesimulator\ macosx\ qnx\ watchos\ watchsimulator\ webassembly\ xros\ xrsimulator
    export BUILD_ACTIVE_RESOURCES_ONLY\=YES
    export BUILD_COMPONENTS\=headers\ build
    export BUILD_DIR\=/Users/kashif/Library/Developer/Xcode/DerivedData/doctoroncall-autidjmoegkjsqfaaopcibfjpldp/Build/Products
    export BUILD_LIBRARY_FOR_DISTRIBUTION\=NO
    export BUILD_ROOT\=/Users/kashif/Library/Developer/Xcode/DerivedData/doctoroncall-autidjmoegkjsqfaaopcibfjpldp/Build/Products
    export BUILD_STYLE\=
    export BUILD_VARIANTS\=normal
    export BUILT_PRODUCTS_DIR\=/Users/kashif/Library/Developer/Xcode/DerivedData/doctoroncall-autidjmoegkjsqfaaopcibfjpldp/Build/Products/Debug-iphonesimulator/hermes-engine
    export BUNDLE_CONTENTS_FOLDER_PATH_deep\=Contents/
    export BUNDLE_EXECUTABLE_FOLDER_NAME_deep\=MacOS
    export BUNDLE_EXTENSIONS_FOLDER_PATH\=Extensions
    export BUNDLE_FORMAT\=shallow
    export BUNDLE_FRAMEWORKS_FOLDER_PATH\=Frameworks
    export BUNDLE_PLUGINS_FOLDER_PATH\=PlugIns
    export BUNDLE_PRIVATE_HEADERS_FOLDER_PATH\=PrivateHeaders
    export BUNDLE_PUBLIC_HEADERS_FOLDER_PATH\=Headers
    export CACHE_ROOT\=/var/folders/t6/p_yb96ld0qx90xg8zdqbyfkh0000gn/C/com.apple.DeveloperTools/26.3-17C529/Xcode
    export CCHROOT\=/var/folders/t6/p_yb96ld0qx90xg8zdqbyfkh0000gn/C/com.apple.DeveloperTools/26.3-17C529/Xcode
    export CHMOD\=/bin/chmod
    export CHOWN\=/usr/sbin/chown
    export CLANG_ALLOW_NON_MODULAR_INCLUDES_IN_FRAMEWORK_MODULES\=YES
    export CLANG_ANALYZER_LOCALIZABILITY_NONLOCALIZED\=YES
    export CLANG_ANALYZER_NONNULL\=YES
    export CLANG_ANALYZER_NUMBER_OBJECT_CONVERSION\=YES_AGGRESSIVE
    export CLANG_CACHE_FINE_GRAINED_OUTPUTS\=YES
    export CLANG_CXX_LANGUAGE_STANDARD\=c++20
    export CLANG_CXX_LIBRARY\=compiler-default
    export CLANG_ENABLE_EXPLICIT_MODULES\=YES
    export CLANG_ENABLE_MODULES\=YES
    export CLANG_ENABLE_OBJC_ARC\=YES
    export CLANG_ENABLE_OBJC_WEAK\=NO
    export CLANG_MODULES_BUILD_SESSION_FILE\=/Users/kashif/Library/Developer/Xcode/DerivedData/ModuleCache.noindex/Session.modulevalidation
    export CLANG_WARN_BLOCK_CAPTURE_AUTORELEASING\=YES
    export CLANG_WARN_BOOL_CONVERSION\=YES
    export CLANG_WARN_COMMA\=YES
    export CLANG_WARN_CONSTANT_CONVERSION\=YES
    export CLANG_WARN_DEPRECATED_OBJC_IMPLEMENTATIONS\=YES
    export CLANG_WARN_DIRECT_OBJC_ISA_USAGE\=YES_ERROR
    export CLANG_WARN_DOCUMENTATION_COMMENTS\=YES
    export CLANG_WARN_EMPTY_BODY\=YES
    export CLANG_WARN_ENUM_CONVERSION\=YES
    export CLANG_WARN_INFINITE_RECURSION\=YES
    export CLANG_WARN_INT_CONVERSION\=YES
    export CLANG_WARN_NON_LITERAL_NULL_CONVERSION\=YES
    export CLANG_WARN_OBJC_IMPLICIT_RETAIN_SELF\=YES
    export CLANG_WARN_OBJC_LITERAL_CONVERSION\=YES
    export CLANG_WARN_OBJC_ROOT_CLASS\=YES_ERROR
    export CLANG_WARN_QUOTED_INCLUDE_IN_FRAMEWORK_HEADER\=NO
    export CLANG_WARN_RANGE_LOOP_ANALYSIS\=YES
    export CLANG_WARN_STRICT_PROTOTYPES\=YES
    export CLANG_WARN_SUSPICIOUS_MOVE\=YES
    export CLANG_WARN_UNGUARDED_AVAILABILITY\=YES_AGGRESSIVE
    export CLANG_WARN_UNREACHABLE_CODE\=YES
    export CLANG_WARN__DUPLICATE_METHOD_MATCH\=YES
    export CLASS_FILE_DIR\=/Users/kashif/Library/Developer/Xcode/DerivedData/doctoroncall-autidjmoegkjsqfaaopcibfjpldp/Build/Intermediates.noindex/Pods.build/Debug-iphonesimulator/hermes-engine.build/JavaClasses
    export CLEAN_PRECOMPS\=YES
    export CLONE_HEADERS\=NO
    export CODESIGNING_FOLDER_PATH\=/Users/kashif/Library/Developer/Xcode/DerivedData/doctoroncall-autidjmoegkjsqfaaopcibfjpldp/Build/Products/Debug-iphonesimulator/hermes-engine/
    export CODE_SIGNING_ALLOWED\=NO
    export CODE_SIGNING_REQUIRED\=YES
    export CODE_SIGN_CONTEXT_CLASS\=XCiPhoneSimulatorCodeSignContext
    export CODE_SIGN_IDENTITY\=-
    export CODE_SIGN_INJECT_BASE_ENTITLEMENTS\=YES
    export COLOR_DIAGNOSTICS\=NO
    export COMBINE_HIDPI_IMAGES\=NO
    export COMPILATION_CACHE_CAS_PATH\=/Users/kashif/Library/Developer/Xcode/DerivedData/CompilationCache.noindex
    export COMPILATION_CACHE_KEEP_CAS_DIRECTORY\=YES
    export COMPILER_INDEX_STORE_ENABLE\=Default
    export COMPOSITE_SDK_DIRS\=/Users/kashif/Library/Developer/Xcode/DerivedData/doctoroncall-autidjmoegkjsqfaaopcibfjpldp/Build/Intermediates.noindex/CompositeSDKs
    export COMPRESS_PNG_FILES\=YES
    export CONFIGURATION\=Debug
    export CONFIGURATION_BUILD_DIR\=/Users/kashif/Library/Developer/Xcode/DerivedData/doctoroncall-autidjmoegkjsqfaaopcibfjpldp/Build/Products/Debug-iphonesimulator/hermes-engine
    export CONFIGURATION_TEMP_DIR\=/Users/kashif/Library/Developer/Xcode/DerivedData/doctoroncall-autidjmoegkjsqfaaopcibfjpldp/Build/Intermediates.noindex/Pods.build/Debug-iphonesimulator
    export COPYING_PRESERVES_HFS_DATA\=NO
    export COPY_HEADERS_RUN_UNIFDEF\=NO
    export COPY_PHASE_STRIP\=NO
    export CORRESPONDING_DEVICE_PLATFORM_DIR\=/Applications/Xcode.app/Contents/Developer/Platforms/iPhoneOS.platform
    export CORRESPONDING_DEVICE_PLATFORM_NAME\=iphoneos
    export CORRESPONDING_DEVICE_SDK_DIR\=/Applications/Xcode.app/Contents/Developer/Platforms/iPhoneOS.platform/Developer/SDKs/iPhoneOS26.2.sdk
    export CORRESPONDING_DEVICE_SDK_NAME\=iphoneos26.2
    export CP\=/bin/cp
    export CREATE_INFOPLIST_SECTION_IN_BINARY\=NO
    export CURRENT_ARCH\=undefined_arch
    export CURRENT_VARIANT\=normal
    export DEAD_CODE_STRIPPING\=YES
    export DEBUGGING_SYMBOLS\=YES
    export DEBUG_INFORMATION_FORMAT\=dwarf
    export DEBUG_INFORMATION_VERSION\=compiler-default
    export DEFAULT_COMPILER\=com.apple.compilers.llvm.clang.1_0
    export DEFAULT_DEXT_INSTALL_PATH\=/System/Library/DriverExtensions
    export DEFAULT_KEXT_INSTALL_PATH\=/System/Library/Extensions
    export DEFINES_MODULE\=NO
    export DEPLOYMENT_LOCATION\=NO
    export DEPLOYMENT_POSTPROCESSING\=NO
    export DEPLOYMENT_TARGET_SETTING_NAME\=IPHONEOS_DEPLOYMENT_TARGET
    export DEPLOYMENT_TARGET_SUGGESTED_VALUES\=12.0\ 12.1\ 12.2\ 12.3\ 12.4\ 13.0\ 13.1\ 13.2\ 13.3\ 13.4\ 13.5\ 13.6\ 14.0\ 14.1\ 14.2\ 14.3\ 14.4\ 14.5\ 14.6\ 14.7\ 15.0\ 15.1\ 15.2\ 15.3\ 15.4\ 15.5\ 15.6\ 16.0\ 16.1\ 16.2\ 16.3\ 16.4\ 16.5\ 16.6\ 17.0\ 17.1\ 17.2\ 17.3\ 17.4\ 17.5\ 17.6\ 18.0\ 18.1\ 18.2\ 18.3\ 18.4\ 18.5\ 18.6\ 26.0\ 26.1\ 26.2
    export DERIVED_FILES_DIR\=/Users/kashif/Library/Developer/Xcode/DerivedData/doctoroncall-autidjmoegkjsqfaaopcibfjpldp/Build/Intermediates.noindex/Pods.build/Debug-iphonesimulator/hermes-engine.build/DerivedSources
    export DERIVED_FILE_DIR\=/Users/kashif/Library/Developer/Xcode/DerivedData/doctoroncall-autidjmoegkjsqfaaopcibfjpldp/Build/Intermediates.noindex/Pods.build/Debug-iphonesimulator/hermes-engine.build/DerivedSources
    export DERIVED_SOURCES_DIR\=/Users/kashif/Library/Developer/Xcode/DerivedData/doctoroncall-autidjmoegkjsqfaaopcibfjpldp/Build/Intermediates.noindex/Pods.build/Debug-iphonesimulator/hermes-engine.build/DerivedSources
    export DEVELOPER_APPLICATIONS_DIR\=/Applications/Xcode.app/Contents/Developer/Applications
    export DEVELOPER_BIN_DIR\=/Applications/Xcode.app/Contents/Developer/usr/bin
    export DEVELOPER_DIR\=/Applications/Xcode.app/Contents/Developer
    export DEVELOPER_FRAMEWORKS_DIR\=/Applications/Xcode.app/Contents/Developer/Library/Frameworks
    export DEVELOPER_FRAMEWORKS_DIR_QUOTED\=/Applications/Xcode.app/Contents/Developer/Library/Frameworks
    export DEVELOPER_LIBRARY_DIR\=/Applications/Xcode.app/Contents/Developer/Library
    export DEVELOPER_SDK_DIR\=/Applications/Xcode.app/Contents/Developer/Platforms/MacOSX.platform/Developer/SDKs
    export DEVELOPER_TOOLS_DIR\=/Applications/Xcode.app/Contents/Developer/Tools
    export DEVELOPER_USR_DIR\=/Applications/Xcode.app/Contents/Developer/usr
    export DEVELOPMENT_LANGUAGE\=en
    export DIAGNOSE_MISSING_TARGET_DEPENDENCIES\=YES
    export DIFF\=/usr/bin/diff
    export DONT_GENERATE_INFOPLIST_FILE\=NO
    export DSTROOT\=/tmp/Pods.dst
    export DT_TOOLCHAIN_DIR\=/Applications/Xcode.app/Contents/Developer/Toolchains/XcodeDefault.xctoolchain
    export DWARF_DSYM_FILE_NAME\=.dSYM
    export DWARF_DSYM_FILE_SHOULD_ACCOMPANY_PRODUCT\=NO
    export DWARF_DSYM_FOLDER_PATH\=/Users/kashif/Library/Developer/Xcode/DerivedData/doctoroncall-autidjmoegkjsqfaaopcibfjpldp/Build/Products/Debug-iphonesimulator/hermes-engine
    export DYNAMIC_LIBRARY_EXTENSION\=dylib
    export EAGER_COMPILATION_ALLOW_SCRIPTS\=NO
    export EAGER_LINKING\=NO
    export EFFECTIVE_PLATFORM_NAME\=-iphonesimulator
    export EMBEDDED_CONTENT_CONTAINS_SWIFT\=NO
    export EMBED_ASSET_PACKS_IN_PRODUCT_BUNDLE\=NO
    export ENABLE_APP_SANDBOX\=NO
    export ENABLE_CODE_COVERAGE\=YES
    export ENABLE_CPLUSPLUS_BOUNDS_SAFE_BUFFERS\=NO
    export ENABLE_C_BOUNDS_SAFETY\=NO
    export ENABLE_DEFAULT_HEADER_SEARCH_PATHS\=YES
    export ENABLE_DEFAULT_SEARCH_PATHS\=YES
    export ENABLE_ENHANCED_SECURITY\=NO
    export ENABLE_HARDENED_RUNTIME\=NO
    export ENABLE_HEADER_DEPENDENCIES\=YES
    export ENABLE_INCOMING_NETWORK_CONNECTIONS\=NO
    export ENABLE_ON_DEMAND_RESOURCES\=NO
    export ENABLE_OUTGOING_NETWORK_CONNECTIONS\=NO
    export ENABLE_POINTER_AUTHENTICATION\=NO
    export ENABLE_PREVIEWS\=NO
    export ENABLE_RESOURCE_ACCESS_AUDIO_INPUT\=NO
    export ENABLE_RESOURCE_ACCESS_BLUETOOTH\=NO
    export ENABLE_RESOURCE_ACCESS_CALENDARS\=NO
    export ENABLE_RESOURCE_ACCESS_CAMERA\=NO
    export ENABLE_RESOURCE_ACCESS_CONTACTS\=NO
    export ENABLE_RESOURCE_ACCESS_LOCATION\=NO
    export ENABLE_RESOURCE_ACCESS_PHOTO_LIBRARY\=NO
    export ENABLE_RESOURCE_ACCESS_PRINTING\=NO
    export ENABLE_RESOURCE_ACCESS_USB\=NO
    export ENABLE_SDK_IMPORTS\=NO
    export ENABLE_SECURITY_COMPILER_WARNINGS\=NO
    export ENABLE_STRICT_OBJC_MSGSEND\=YES
    export ENABLE_TESTABILITY\=YES
    export ENABLE_TESTING_SEARCH_PATHS\=NO
    export ENABLE_USER_SCRIPT_SANDBOXING\=NO
    export ENABLE_XOJIT_PREVIEWS\=YES
    export ENFORCE_VALID_ARCHS\=YES
    export ENTITLEMENTS_DESTINATION\=__entitlements
    export ENTITLEMENTS_REQUIRED\=YES
    export EXCLUDED_INSTALLSRC_SUBDIRECTORY_PATTERNS\=.DS_Store\ .svn\ .git\ .hg\ CVS
    export EXCLUDED_RECURSIVE_SEARCH_PATH_SUBDIRECTORIES\=\*.nib\ \*.lproj\ \*.framework\ \*.gch\ \*.xcode\*\ \*.xcassets\ \*.icon\ \(\*\)\ .DS_Store\ CVS\ .svn\ .git\ .hg\ \*.pbproj\ \*.pbxproj
    export FILE_LIST\=/Users/kashif/Library/Developer/Xcode/DerivedData/doctoroncall-autidjmoegkjsqfaaopcibfjpldp/Build/Intermediates.noindex/Pods.build/Debug-iphonesimulator/hermes-engine.build/Objects/LinkFileList
    export FIXED_FILES_DIR\=/Users/kashif/Library/Developer/Xcode/DerivedData/doctoroncall-autidjmoegkjsqfaaopcibfjpldp/Build/Intermediates.noindex/Pods.build/Debug-iphonesimulator/hermes-engine.build/FixedFiles
    export FRAMEWORK_SEARCH_PATHS\=\ \"/Users/kashif/Documents/GitHub/DoctoroncallNew/ios/Pods/hermes-engine/destroot/Library/Frameworks/universal\"\ \"/Users/kashif/Library/Developer/Xcode/DerivedData/doctoroncall-autidjmoegkjsqfaaopcibfjpldp/Build/Products/Debug-iphonesimulator/XCFrameworkIntermediates/hermes-engine/Pre-built\"
    export FRAMEWORK_VERSION\=A
    export FUSE_BUILD_PHASES\=YES
    export FUSE_BUILD_SCRIPT_PHASES\=NO
    export GCC3_VERSION\=3.3
    export GCC_C_LANGUAGE_STANDARD\=gnu11
    export GCC_DYNAMIC_NO_PIC\=NO
    export GCC_NO_COMMON_BLOCKS\=YES
    export GCC_OBJC_LEGACY_DISPATCH\=YES
    export GCC_OPTIMIZATION_LEVEL\=0
    export GCC_PFE_FILE_C_DIALECTS\=c\ objective-c\ c++\ objective-c++
    export GCC_PREPROCESSOR_DEFINITIONS\=POD_CONFIGURATION_DEBUG\=1\ DEBUG\=1\ \ COCOAPODS\=1\ HERMES_ENABLE_DEBUGGER\=1
    export GCC_TREAT_WARNINGS_AS_ERRORS\=NO
    export GCC_VERSION\=com.apple.compilers.llvm.clang.1_0
    export GCC_VERSION_IDENTIFIER\=com_apple_compilers_llvm_clang_1_0
    export GCC_WARN_64_TO_32_BIT_CONVERSION\=YES
    export GCC_WARN_ABOUT_RETURN_TYPE\=YES_ERROR
    export GCC_WARN_INHIBIT_ALL_WARNINGS\=YES
    export GCC_WARN_UNDECLARED_SELECTOR\=YES
    export GCC_WARN_UNINITIALIZED_AUTOS\=YES_AGGRESSIVE
    export GCC_WARN_UNUSED_FUNCTION\=YES
    export GCC_WARN_UNUSED_VARIABLE\=YES
    export GENERATED_MODULEMAP_DIR\=/Users/kashif/Library/Developer/Xcode/DerivedData/doctoroncall-autidjmoegkjsqfaaopcibfjpldp/Build/Intermediates.noindex/GeneratedModuleMaps-iphonesimulator
    export GENERATE_INFOPLIST_FILE\=NO
    export GENERATE_INTERMEDIATE_TEXT_BASED_STUBS\=YES
    export GENERATE_PKGINFO_FILE\=NO
    export GENERATE_PRELINK_OBJECT_FILE\=NO
    export GENERATE_PROFILING_CODE\=NO
    export GENERATE_TEXT_BASED_STUBS\=NO
    export GID\=20
    export GROUP\=staff
    export HEADERMAP_INCLUDES_FLAT_ENTRIES_FOR_TARGET_BEING_BUILT\=YES
    export HEADERMAP_INCLUDES_FRAMEWORK_ENTRIES_FOR_ALL_PRODUCT_TYPES\=YES
    export HEADERMAP_INCLUDES_FRAMEWORK_ENTRIES_FOR_TARGETS_NOT_BEING_BUILT\=YES
    export HEADERMAP_INCLUDES_NONPUBLIC_NONPRIVATE_HEADERS\=YES
    export HEADERMAP_INCLUDES_PROJECT_HEADERS\=YES
    export HEADERMAP_USES_FRAMEWORK_PREFIX_ENTRIES\=YES
    export HEADERMAP_USES_VFS\=NO
    export HEADER_SEARCH_PATHS\=\ /Users/kashif/Library/Developer/Xcode/DerivedData/doctoroncall-autidjmoegkjsqfaaopcibfjpldp/Build/Products/Debug-iphonesimulator/ReactCommon/ReactCommon.framework/Headers\ /Users/kashif/Library/Developer/Xcode/DerivedData/doctoroncall-autidjmoegkjsqfaaopcibfjpldp/Build/Products/Debug-iphonesimulator/ReactCommon/ReactCommon.framework/Headers/react/nativemodule/core\ /Users/kashif/Library/Developer/Xcode/DerivedData/doctoroncall-autidjmoegkjsqfaaopcibfjpldp/Build/Products/Debug-iphonesimulator/ReactCommon-Samples/ReactCommon_Samples.framework/Headers\ /Users/kashif/Library/Developer/Xcode/DerivedData/doctoroncall-autidjmoegkjsqfaaopcibfjpldp/Build/Products/Debug-iphonesimulator/ReactCommon-Samples/ReactCommon_Samples.framework/Headers/platform/ios\ /Users/kashif/Library/Developer/Xcode/DerivedData/doctoroncall-autidjmoegkjsqfaaopcibfjpldp/Build/Products/Debug-iphonesimulator/React-Fabric/React_Fabric.framework/Headers/react/renderer/components/view/platform/cxx\ /Users/kashif/Library/Developer/Xcode/DerivedData/doctoroncall-autidjmoegkjsqfaaopcibfjpldp/Build/Products/Debug-iphonesimulator/React-NativeModulesApple/React_NativeModulesApple.framework/Headers\ /Users/kashif/Library/Developer/Xcode/DerivedData/doctoroncall-autidjmoegkjsqfaaopcibfjpldp/Build/Products/Debug-iphonesimulator/React-graphics/React_graphics.framework/Headers\ /Users/kashif/Library/Developer/Xcode/DerivedData/doctoroncall-autidjmoegkjsqfaaopcibfjpldp/Build/Products/Debug-iphonesimulator/React-graphics/React_graphics.framework/Headers/react/renderer/graphics/platform/ios\ \"/Users/kashif/Documents/GitHub/DoctoroncallNew/ios/Pods/Headers/Private\"\ \"/Users/kashif/Documents/GitHub/DoctoroncallNew/ios/Pods/Headers/Private/hermes-engine\"\ \"/Users/kashif/Documents/GitHub/DoctoroncallNew/ios/Pods/Headers/Public\"\ \"/Users/kashif/Documents/GitHub/DoctoroncallNew/ios/Pods/Headers/Public/hermes-engine\"
    export HOME\=/Users/kashif
    export HOST_ARCH\=arm64
    export HOST_PLATFORM\=macosx
    export ICONV\=/usr/bin/iconv
    export IMPLICIT_DEPENDENCY_DOMAIN\=default
    export INFOPLIST_ENABLE_CFBUNDLEICONS_MERGE\=YES
    export INFOPLIST_EXPAND_BUILD_SETTINGS\=YES
    export INFOPLIST_OUTPUT_FORMAT\=binary
    export INFOPLIST_PREPROCESS\=NO
    export INLINE_PRIVATE_FRAMEWORKS\=NO
    export INSTALLAPI_IGNORE_SKIP_INSTALL\=YES
    export INSTALLHDRS_COPY_PHASE\=NO
    export INSTALLHDRS_SCRIPT_PHASE\=NO
    export INSTALL_DIR\=/tmp/Pods.dst
    export INSTALL_GROUP\=staff
    export INSTALL_MODE_FLAG\=u+w,go-w,a+rX
    export INSTALL_OWNER\=kashif
    export INSTALL_ROOT\=/tmp/Pods.dst
    export IPHONEOS_DEPLOYMENT_TARGET\=15.1
    export IS_UNOPTIMIZED_BUILD\=YES
    export JAVAC_DEFAULT_FLAGS\=-J-Xms64m\ -J-XX:NewSize\=4M\ -J-Dfile.encoding\=UTF8
    export JAVA_APP_STUB\=/System/Library/Frameworks/JavaVM.framework/Resources/MacOS/JavaApplicationStub
    export JAVA_ARCHIVE_CLASSES\=YES
    export JAVA_ARCHIVE_TYPE\=JAR
    export JAVA_COMPILER\=/usr/bin/javac
    export JAVA_FRAMEWORK_RESOURCES_DIRS\=Resources
    export JAVA_JAR_FLAGS\=cv
    export JAVA_SOURCE_SUBDIR\=.
    export JAVA_USE_DEPENDENCIES\=YES
    export JAVA_ZIP_FLAGS\=-urg
    export JIKES_DEFAULT_FLAGS\=+E\ +OLDCSO
    export KEEP_PRIVATE_EXTERNS\=NO
    export LD_DEPENDENCY_INFO_FILE\=/Users/kashif/Library/Developer/Xcode/DerivedData/doctoroncall-autidjmoegkjsqfaaopcibfjpldp/Build/Intermediates.noindex/Pods.build/Debug-iphonesimulator/hermes-engine.build/Objects-normal/undefined_arch/hermes-engine_dependency_info.dat
    export LD_EXPORT_SYMBOLS\=YES
    export LD_GENERATE_MAP_FILE\=NO
    export LD_MAP_FILE_PATH\=/Users/kashif/Library/Developer/Xcode/DerivedData/doctoroncall-autidjmoegkjsqfaaopcibfjpldp/Build/Intermediates.noindex/Pods.build/Debug-iphonesimulator/hermes-engine.build/hermes-engine-LinkMap-normal-undefined_arch.txt
    export LD_NO_PIE\=NO
    export LD_QUOTE_LINKER_ARGUMENTS_FOR_COMPILER_DRIVER\=YES
    export LD_RUNPATH_SEARCH_PATHS\=\ @executable_path/Frameworks
    export LD_SHARED_CACHE_ELIGIBLE\=Automatic
    export LD_WARN_DUPLICATE_LIBRARIES\=NO
    export LD_WARN_UNUSED_DYLIBS\=NO
    export LEGACY_DEVELOPER_DIR\=/Applications/Xcode.app/Contents/PlugIns/Xcode3Core.ideplugin/Contents/SharedSupport/Developer
    export LEX\=lex
    export LIBRARY_DEXT_INSTALL_PATH\=/Library/DriverExtensions
    export LIBRARY_FLAG_NOSPACE\=YES
    export LIBRARY_KEXT_INSTALL_PATH\=/Library/Extensions
    export LINKER_DISPLAYS_MANGLED_NAMES\=NO
    export LINK_FILE_LIST_normal_arm64\=/Users/kashif/Library/Developer/Xcode/DerivedData/doctoroncall-autidjmoegkjsqfaaopcibfjpldp/Build/Intermediates.noindex/Pods.build/Debug-iphonesimulator/hermes-engine.build/Objects-normal/arm64/hermes-engine.LinkFileList
    export LINK_OBJC_RUNTIME\=YES
    export LINK_WITH_STANDARD_LIBRARIES\=YES
    export LLVM_TARGET_TRIPLE_OS_VERSION\=ios15.1
    export LLVM_TARGET_TRIPLE_SUFFIX\=-simulator
    export LLVM_TARGET_TRIPLE_VENDOR\=apple
    export LM_AUX_CONST_METADATA_LIST_PATH_normal_arm64\=/Users/kashif/Library/Developer/Xcode/DerivedData/doctoroncall-autidjmoegkjsqfaaopcibfjpldp/Build/Intermediates.noindex/Pods.build/Debug-iphonesimulator/hermes-engine.build/Objects-normal/arm64/hermes-engine.SwiftConstValuesFileList
    export LOCALIZATION_EXPORT_SUPPORTED\=YES
    export LOCALIZATION_PREFERS_STRING_CATALOGS\=NO
    export LOCALIZED_STRING_MACRO_NAMES\=NSLocalizedString\ CFCopyLocalizedString
    export LOCALIZED_STRING_SWIFTUI_SUPPORT\=YES
    export LOCAL_ADMIN_APPS_DIR\=/Applications/Utilities
    export LOCAL_APPS_DIR\=/Applications
    export LOCAL_DEVELOPER_DIR\=/Library/Developer
    export LOCAL_LIBRARY_DIR\=/Library
    export LOCROOT\=/Users/kashif/Documents/GitHub/DoctoroncallNew/ios/Pods
    export LOCSYMROOT\=/Users/kashif/Documents/GitHub/DoctoroncallNew/ios/Pods
    export MAC_OS_X_PRODUCT_BUILD_VERSION\=25D125
    export MAC_OS_X_VERSION_ACTUAL\=260300
    export MAC_OS_X_VERSION_MAJOR\=260000
    export MAC_OS_X_VERSION_MINOR\=260300
    export MAKE_MERGEABLE\=NO
    export MERGEABLE_LIBRARY\=NO
    export MERGED_BINARY_TYPE\=none
    export MERGE_LINKED_LIBRARIES\=NO
    export METAL_LIBRARY_FILE_BASE\=default
    export METAL_LIBRARY_OUTPUT_DIR\=/Users/kashif/Library/Developer/Xcode/DerivedData/doctoroncall-autidjmoegkjsqfaaopcibfjpldp/Build/Products/Debug-iphonesimulator/hermes-engine/
    export MODULE_CACHE_DIR\=/Users/kashif/Library/Developer/Xcode/DerivedData/ModuleCache.noindex
    export MTL_ENABLE_DEBUG_INFO\=INCLUDE_SOURCE
    export MTL_FAST_MATH\=YES
    export NATIVE_ARCH\=arm64
    export NATIVE_ARCH_32_BIT\=arm
    export NATIVE_ARCH_64_BIT\=arm64
    export NATIVE_ARCH_ACTUAL\=arm64
    export NO_COMMON\=YES
    export OBJC_ABI_VERSION\=2
    export OBJECT_FILE_DIR\=/Users/kashif/Library/Developer/Xcode/DerivedData/doctoroncall-autidjmoegkjsqfaaopcibfjpldp/Build/Intermediates.noindex/Pods.build/Debug-iphonesimulator/hermes-engine.build/Objects
    export OBJECT_FILE_DIR_normal\=/Users/kashif/Library/Developer/Xcode/DerivedData/doctoroncall-autidjmoegkjsqfaaopcibfjpldp/Build/Intermediates.noindex/Pods.build/Debug-iphonesimulator/hermes-engine.build/Objects-normal
    export OBJROOT\=/Users/kashif/Library/Developer/Xcode/DerivedData/doctoroncall-autidjmoegkjsqfaaopcibfjpldp/Build/Intermediates.noindex
    export ONLY_ACTIVE_ARCH\=YES
    export OS\=MACOS
    export OSAC\=/usr/bin/osacompile
    export OTHER_LDFLAGS\=\ \ 
    export PASCAL_STRINGS\=YES
    export PATH\=/Applications/Xcode.app/Contents/SharedFrameworks/SwiftBuild.framework/Versions/A/PlugIns/SWBBuildService.bundle/Contents/PlugIns/SWBUniversalPlatformPlugin.bundle/Contents/Frameworks/SWBUniversalPlatform.framework/Resources:/Applications/Xcode.app/Contents/Developer/Toolchains/XcodeDefault.xctoolchain/usr/bin:/Applications/Xcode.app/Contents/Developer/Toolchains/XcodeDefault.xctoolchain/usr/local/bin:/Applications/Xcode.app/Contents/Developer/Toolchains/XcodeDefault.xctoolchain/usr/libexec:/Applications/Xcode.app/Contents/Developer/Platforms/iPhoneSimulator.platform/usr/bin:/Applications/Xcode.app/Contents/Developer/Platforms/iPhoneSimulator.platform/usr/local/bin:/Applications/Xcode.app/Contents/Developer/Platforms/iPhoneSimulator.platform/Developer/usr/bin:/Applications/Xcode.app/Contents/Developer/Platforms/iPhoneSimulator.platform/Developer/usr/local/bin:/Applications/Xcode.app/Contents/Developer/usr/bin:/Applications/Xcode.app/Contents/Developer/usr/local/bin:/Users/kashif/.rbenv/shims:/opt/homebrew/bin:/opt/homebrew/sbin:/usr/local/bin:/System/Cryptexes/App/usr/bin:/usr/bin:/bin:/usr/sbin:/sbin:/var/run/com.apple.security.cryptexd/codex.system/bootstrap/usr/local/bin:/var/run/com.apple.security.cryptexd/codex.system/bootstrap/usr/bin:/var/run/com.apple.security.cryptexd/codex.system/bootstrap/usr/appleinternal/bin:/opt/pmk/env/global/bin:/Library/Apple/usr/bin:/Users/kashif/Library/Android/sdk/emulator:/Users/kashif/Library/Android/sdk/platform-tools
    export PATH_PREFIXES_EXCLUDED_FROM_HEADER_DEPENDENCIES\=/usr/include\ /usr/local/include\ /System/Library/Frameworks\ /System/Library/PrivateFrameworks\ /Applications/Xcode.app/Contents/Developer/Headers\ /Applications/Xcode.app/Contents/Developer/SDKs\ /Applications/Xcode.app/Contents/Developer/Platforms
    export PER_ARCH_MODULE_FILE_DIR\=/Users/kashif/Library/Developer/Xcode/DerivedData/doctoroncall-autidjmoegkjsqfaaopcibfjpldp/Build/Intermediates.noindex/Pods.build/Debug-iphonesimulator/hermes-engine.build/Objects-normal/undefined_arch
    export PER_ARCH_OBJECT_FILE_DIR\=/Users/kashif/Library/Developer/Xcode/DerivedData/doctoroncall-autidjmoegkjsqfaaopcibfjpldp/Build/Intermediates.noindex/Pods.build/Debug-iphonesimulator/hermes-engine.build/Objects-normal/undefined_arch
    export PER_VARIANT_OBJECT_FILE_DIR\=/Users/kashif/Library/Developer/Xcode/DerivedData/doctoroncall-autidjmoegkjsqfaaopcibfjpldp/Build/Intermediates.noindex/Pods.build/Debug-iphonesimulator/hermes-engine.build/Objects-normal
    export PKGINFO_FILE_PATH\=/Users/kashif/Library/Developer/Xcode/DerivedData/doctoroncall-autidjmoegkjsqfaaopcibfjpldp/Build/Intermediates.noindex/Pods.build/Debug-iphonesimulator/hermes-engine.build/PkgInfo
    export PLATFORM_DEVELOPER_APPLICATIONS_DIR\=/Applications/Xcode.app/Contents/Developer/Platforms/iPhoneSimulator.platform/Developer/Applications
    export PLATFORM_DEVELOPER_BIN_DIR\=/Applications/Xcode.app/Contents/Developer/Platforms/iPhoneSimulator.platform/Developer/usr/bin
    export PLATFORM_DEVELOPER_LIBRARY_DIR\=/Applications/Xcode.app/Contents/Developer/Platforms/iPhoneSimulator.platform/Developer/Library
    export PLATFORM_DEVELOPER_SDK_DIR\=/Applications/Xcode.app/Contents/Developer/Platforms/iPhoneSimulator.platform/Developer/SDKs
    export PLATFORM_DEVELOPER_TOOLS_DIR\=/Applications/Xcode.app/Contents/Developer/Platforms/iPhoneSimulator.platform/Developer/Tools
    export PLATFORM_DEVELOPER_USR_DIR\=/Applications/Xcode.app/Contents/Developer/Platforms/iPhoneSimulator.platform/Developer/usr
    export PLATFORM_DIR\=/Applications/Xcode.app/Contents/Developer/Platforms/iPhoneSimulator.platform
    export PLATFORM_DISPLAY_NAME\=iOS\ Simulator
    export PLATFORM_FAMILY_NAME\=iOS
    export PLATFORM_NAME\=iphonesimulator
    export PLATFORM_PREFERRED_ARCH\=x86_64
    export PLATFORM_PRODUCT_BUILD_VERSION\=23C57
    export PLATFORM_REQUIRES_SWIFT_AUTOLINK_EXTRACT\=NO
    export PLATFORM_REQUIRES_SWIFT_MODULEWRAP\=NO
    export PLIST_FILE_OUTPUT_FORMAT\=binary
    export PODS_BUILD_DIR\=/Users/kashif/Library/Developer/Xcode/DerivedData/doctoroncall-autidjmoegkjsqfaaopcibfjpldp/Build/Products
    export PODS_CONFIGURATION_BUILD_DIR\=/Users/kashif/Library/Developer/Xcode/DerivedData/doctoroncall-autidjmoegkjsqfaaopcibfjpldp/Build/Products/Debug-iphonesimulator
    export PODS_DEVELOPMENT_LANGUAGE\=en
    export PODS_ROOT\=/Users/kashif/Documents/GitHub/DoctoroncallNew/ios/Pods
    export PODS_TARGET_SRCROOT\=/Users/kashif/Documents/GitHub/DoctoroncallNew/ios/Pods/hermes-engine
    export PODS_XCFRAMEWORKS_BUILD_DIR\=/Users/kashif/Library/Developer/Xcode/DerivedData/doctoroncall-autidjmoegkjsqfaaopcibfjpldp/Build/Products/Debug-iphonesimulator/XCFrameworkIntermediates
    export PRECOMPS_INCLUDE_HEADERS_FROM_BUILT_PRODUCTS_DIR\=YES
    export PRECOMP_DESTINATION_DIR\=/Users/kashif/Library/Developer/Xcode/DerivedData/doctoroncall-autidjmoegkjsqfaaopcibfjpldp/Build/Intermediates.noindex/Pods.build/Debug-iphonesimulator/hermes-engine.build/PrefixHeaders
    export PROCESSED_INFOPLIST_PATH\=/Users/kashif/Library/Developer/Xcode/DerivedData/doctoroncall-autidjmoegkjsqfaaopcibfjpldp/Build/Intermediates.noindex/Pods.build/Debug-iphonesimulator/hermes-engine.build/Objects-normal/undefined_arch/Processed-Info.plist
    export PRODUCT_BUNDLE_IDENTIFIER\=org.cocoapods.hermes-engine
    export PRODUCT_MODULE_NAME\=hermes_engine
    export PRODUCT_NAME\=hermes-engine
    export PRODUCT_SETTINGS_PATH\=
    export PROFILING_CODE\=NO
    export PROJECT\=Pods
    export PROJECT_DERIVED_FILE_DIR\=/Users/kashif/Library/Developer/Xcode/DerivedData/doctoroncall-autidjmoegkjsqfaaopcibfjpldp/Build/Intermediates.noindex/Pods.build/DerivedSources
    export PROJECT_DIR\=/Users/kashif/Documents/GitHub/DoctoroncallNew/ios/Pods
    export PROJECT_FILE_PATH\=/Users/kashif/Documents/GitHub/DoctoroncallNew/ios/Pods/Pods.xcodeproj
    export PROJECT_GUID\=8699adb1dd336b26511df848a716bd42
    export PROJECT_NAME\=Pods
    export PROJECT_TEMP_DIR\=/Users/kashif/Library/Developer/Xcode/DerivedData/doctoroncall-autidjmoegkjsqfaaopcibfjpldp/Build/Intermediates.noindex/Pods.build
    export PROJECT_TEMP_ROOT\=/Users/kashif/Library/Developer/Xcode/DerivedData/doctoroncall-autidjmoegkjsqfaaopcibfjpldp/Build/Intermediates.noindex
    export REACT_NATIVE_PATH\=/Users/kashif/Documents/GitHub/DoctoroncallNew/ios/Pods/../../node_modules/react-native
    export RECOMMENDED_IPHONEOS_DEPLOYMENT_TARGET\=15.0
    export RECURSIVE_SEARCH_PATHS_FOLLOW_SYMLINKS\=YES
    export REMOVE_CVS_FROM_RESOURCES\=YES
    export REMOVE_GIT_FROM_RESOURCES\=YES
    export REMOVE_HEADERS_FROM_EMBEDDED_BUNDLES\=YES
    export REMOVE_HG_FROM_RESOURCES\=YES
    export REMOVE_STATIC_EXECUTABLES_FROM_EMBEDDED_BUNDLES\=YES
    export REMOVE_SVN_FROM_RESOURCES\=YES
    export RESCHEDULE_INDEPENDENT_HEADERS_PHASES\=YES
    export REZ_COLLECTOR_DIR\=/Users/kashif/Library/Developer/Xcode/DerivedData/doctoroncall-autidjmoegkjsqfaaopcibfjpldp/Build/Intermediates.noindex/Pods.build/Debug-iphonesimulator/hermes-engine.build/ResourceManagerResources
    export REZ_OBJECTS_DIR\=/Users/kashif/Library/Developer/Xcode/DerivedData/doctoroncall-autidjmoegkjsqfaaopcibfjpldp/Build/Intermediates.noindex/Pods.build/Debug-iphonesimulator/hermes-engine.build/ResourceManagerResources/Objects
    export RUNTIME_EXCEPTION_ALLOW_DYLD_ENVIRONMENT_VARIABLES\=NO
    export RUNTIME_EXCEPTION_ALLOW_JIT\=NO
    export RUNTIME_EXCEPTION_ALLOW_UNSIGNED_EXECUTABLE_MEMORY\=NO
    export RUNTIME_EXCEPTION_DEBUGGING_TOOL\=NO
    export RUNTIME_EXCEPTION_DISABLE_EXECUTABLE_PAGE_PROTECTION\=NO
    export RUNTIME_EXCEPTION_DISABLE_LIBRARY_VALIDATION\=NO
    export SCAN_ALL_SOURCE_FILES_FOR_INCLUDES\=NO
    export SCRIPT_INPUT_FILE_COUNT\=0
    export SCRIPT_INPUT_FILE_LIST_COUNT\=0
    export SCRIPT_OUTPUT_FILE_COUNT\=0
    export SCRIPT_OUTPUT_FILE_LIST_COUNT\=0
    export SDKROOT\=/Applications/Xcode.app/Contents/Developer/Platforms/iPhoneSimulator.platform/Developer/SDKs/iPhoneSimulator26.2.sdk
    export SDK_DIR\=/Applications/Xcode.app/Contents/Developer/Platforms/iPhoneSimulator.platform/Developer/SDKs/iPhoneSimulator26.2.sdk
    export SDK_DIR_iphonesimulator\=/Applications/Xcode.app/Contents/Developer/Platforms/iPhoneSimulator.platform/Developer/SDKs/iPhoneSimulator26.2.sdk
    export SDK_DIR_iphonesimulator26_2\=/Applications/Xcode.app/Contents/Developer/Platforms/iPhoneSimulator.platform/Developer/SDKs/iPhoneSimulator26.2.sdk
    export SDK_NAME\=iphonesimulator26.2
    export SDK_NAMES\=iphonesimulator26.2
    export SDK_PRODUCT_BUILD_VERSION\=23C57
    export SDK_STAT_CACHE_DIR\=/Users/kashif/Library/Developer/Xcode/DerivedData
    export SDK_STAT_CACHE_ENABLE\=YES
    export SDK_STAT_CACHE_PATH\=/Users/kashif/Library/Developer/Xcode/DerivedData/SDKStatCaches.noindex/iphonesimulator26.2-23C57-7d00a8b37fbd7999ea79df8ebc024bf0.sdkstatcache
    export SDK_VERSION\=26.2
    export SDK_VERSION_ACTUAL\=260200
    export SDK_VERSION_MAJOR\=260000
    export SDK_VERSION_MINOR\=260200
    export SED\=/usr/bin/sed
    export SEPARATE_STRIP\=NO
    export SEPARATE_SYMBOL_EDIT\=NO
    export SET_DIR_MODE_OWNER_GROUP\=YES
    export SET_FILE_MODE_OWNER_GROUP\=NO
    export SHALLOW_BUNDLE\=NO
    export SHARED_DERIVED_FILE_DIR\=/Users/kashif/Library/Developer/Xcode/DerivedData/doctoroncall-autidjmoegkjsqfaaopcibfjpldp/Build/Products/Debug-iphonesimulator/hermes-engine/DerivedSources
    export SHARED_PRECOMPS_DIR\=/Users/kashif/Library/Developer/Xcode/DerivedData/doctoroncall-autidjmoegkjsqfaaopcibfjpldp/Build/Intermediates.noindex/PrecompiledHeaders
    export SKIP_INSTALL\=YES
    export SOURCE_ROOT\=/Users/kashif/Documents/GitHub/DoctoroncallNew/ios/Pods
    export SRCROOT\=/Users/kashif/Documents/GitHub/DoctoroncallNew/ios/Pods
    export STRINGSDATA_DIR\=/Users/kashif/Library/Developer/Xcode/DerivedData/doctoroncall-autidjmoegkjsqfaaopcibfjpldp/Build/Intermediates.noindex/Pods.build/Debug-iphonesimulator/hermes-engine.build/Objects-normal/undefined_arch
    export STRINGSDATA_ROOT\=/Users/kashif/Library/Developer/Xcode/DerivedData/doctoroncall-autidjmoegkjsqfaaopcibfjpldp/Build/Intermediates.noindex/Pods.build/Debug-iphonesimulator/hermes-engine.build
    export STRINGS_FILE_INFOPLIST_RENAME\=YES
    export STRINGS_FILE_OUTPUT_ENCODING\=binary
    export STRING_CATALOG_GENERATE_SYMBOLS\=NO
    export STRIP_BITCODE_FROM_COPIED_FILES\=NO
    export STRIP_INSTALLED_PRODUCT\=NO
    export STRIP_STYLE\=all
    export STRIP_SWIFT_SYMBOLS\=YES
    export SUPPORTED_DEVICE_FAMILIES\=1,2
    export SUPPORTED_PLATFORMS\=iphoneos\ iphonesimulator
    export SUPPORTS_TEXT_BASED_API\=NO
    export SUPPRESS_WARNINGS\=NO
    export SWIFT_ACTIVE_COMPILATION_CONDITIONS\=\ DEBUG
    export SWIFT_EMIT_CONST_VALUE_PROTOCOLS\=AppIntent\ EntityQuery\ AppEntity\ TransientEntity\ AppEnum\ AppShortcutProviding\ AppShortcutsProvider\ AnyResolverProviding\ AppIntentsPackage\ DynamicOptionsProvider\ _IntentValueRepresentable\ _AssistantIntentsProvider\ _GenerativeFunctionExtractable\ IntentValueQuery\ Resolver\ AppExtension\ ExtensionPointDefining
    export SWIFT_EMIT_LOC_STRINGS\=NO
    export SWIFT_ENABLE_EXPLICIT_MODULES\=YES
    export SWIFT_OPTIMIZATION_LEVEL\=-Onone
    export SWIFT_PLATFORM_TARGET_PREFIX\=ios
    export SWIFT_RESPONSE_FILE_PATH_normal_arm64\=/Users/kashif/Library/Developer/Xcode/DerivedData/doctoroncall-autidjmoegkjsqfaaopcibfjpldp/Build/Intermediates.noindex/Pods.build/Debug-iphonesimulator/hermes-engine.build/Objects-normal/arm64/hermes-engine.SwiftFileList
    export SWIFT_VERSION\=5.0
    export SYMROOT\=/Users/kashif/Library/Developer/Xcode/DerivedData/doctoroncall-autidjmoegkjsqfaaopcibfjpldp/Build/Products
    export SYSTEM_ADMIN_APPS_DIR\=/Applications/Utilities
    export SYSTEM_APPS_DIR\=/Applications
    export SYSTEM_CORE_SERVICES_DIR\=/System/Library/CoreServices
    export SYSTEM_DEMOS_DIR\=/Applications/Extras
    export SYSTEM_DEVELOPER_APPS_DIR\=/Applications/Xcode.app/Contents/Developer/Applications
    export SYSTEM_DEVELOPER_BIN_DIR\=/Applications/Xcode.app/Contents/Developer/usr/bin
    export SYSTEM_DEVELOPER_DEMOS_DIR\=/Applications/Xcode.app/Contents/Developer/Applications/Utilities/Built\ Examples
    export SYSTEM_DEVELOPER_DIR\=/Applications/Xcode.app/Contents/Developer
    export SYSTEM_DEVELOPER_DOC_DIR\=/Applications/Xcode.app/Contents/Developer/ADC\ Reference\ Library
    export SYSTEM_DEVELOPER_GRAPHICS_TOOLS_DIR\=/Applications/Xcode.app/Contents/Developer/Applications/Graphics\ Tools
    export SYSTEM_DEVELOPER_JAVA_TOOLS_DIR\=/Applications/Xcode.app/Contents/Developer/Applications/Java\ Tools
    export SYSTEM_DEVELOPER_PERFORMANCE_TOOLS_DIR\=/Applications/Xcode.app/Contents/Developer/Applications/Performance\ Tools
    export SYSTEM_DEVELOPER_RELEASENOTES_DIR\=/Applications/Xcode.app/Contents/Developer/ADC\ Reference\ Library/releasenotes
    export SYSTEM_DEVELOPER_TOOLS\=/Applications/Xcode.app/Contents/Developer/Tools
    export SYSTEM_DEVELOPER_TOOLS_DOC_DIR\=/Applications/Xcode.app/Contents/Developer/ADC\ Reference\ Library/documentation/DeveloperTools
    export SYSTEM_DEVELOPER_TOOLS_RELEASENOTES_DIR\=/Applications/Xcode.app/Contents/Developer/ADC\ Reference\ Library/releasenotes/DeveloperTools
    export SYSTEM_DEVELOPER_USR_DIR\=/Applications/Xcode.app/Contents/Developer/usr
    export SYSTEM_DEVELOPER_UTILITIES_DIR\=/Applications/Xcode.app/Contents/Developer/Applications/Utilities
    export SYSTEM_DEXT_INSTALL_PATH\=/System/Library/DriverExtensions
    export SYSTEM_DOCUMENTATION_DIR\=/Library/Documentation
    export SYSTEM_KEXT_INSTALL_PATH\=/System/Library/Extensions
    export SYSTEM_LIBRARY_DIR\=/System/Library
    export TAPI_DEMANGLE\=YES
    export TAPI_ENABLE_PROJECT_HEADERS\=NO
    export TAPI_LANGUAGE\=objective-c
    export TAPI_LANGUAGE_STANDARD\=compiler-default
    export TAPI_USE_SRCROOT\=YES
    export TAPI_VERIFY_MODE\=Pedantic
    export TARGETED_DEVICE_FAMILY\=1,2
    export TARGETNAME\=hermes-engine
    export TARGET_BUILD_DIR\=/Users/kashif/Library/Developer/Xcode/DerivedData/doctoroncall-autidjmoegkjsqfaaopcibfjpldp/Build/Products/Debug-iphonesimulator/hermes-engine
    export TARGET_DEVICE_IDENTIFIER\=1A11DA63-192D-49FB-A292-4688F6B8CF04
    export TARGET_DEVICE_MODEL\=iPhone17,5
    export TARGET_DEVICE_OS_VERSION\=26.2
    export TARGET_DEVICE_PLATFORM_NAME\=iphonesimulator
    export TARGET_NAME\=hermes-engine
    export TARGET_TEMP_DIR\=/Users/kashif/Library/Developer/Xcode/DerivedData/doctoroncall-autidjmoegkjsqfaaopcibfjpldp/Build/Intermediates.noindex/Pods.build/Debug-iphonesimulator/hermes-engine.build
    export TEMP_DIR\=/Users/kashif/Library/Developer/Xcode/DerivedData/doctoroncall-autidjmoegkjsqfaaopcibfjpldp/Build/Intermediates.noindex/Pods.build/Debug-iphonesimulator/hermes-engine.build
    export TEMP_FILES_DIR\=/Users/kashif/Library/Developer/Xcode/DerivedData/doctoroncall-autidjmoegkjsqfaaopcibfjpldp/Build/Intermediates.noindex/Pods.build/Debug-iphonesimulator/hermes-engine.build
    export TEMP_FILE_DIR\=/Users/kashif/Library/Developer/Xcode/DerivedData/doctoroncall-autidjmoegkjsqfaaopcibfjpldp/Build/Intermediates.noindex/Pods.build/Debug-iphonesimulator/hermes-engine.build
    export TEMP_ROOT\=/Users/kashif/Library/Developer/Xcode/DerivedData/doctoroncall-autidjmoegkjsqfaaopcibfjpldp/Build/Intermediates.noindex
    export TEMP_SANDBOX_DIR\=/Users/kashif/Library/Developer/Xcode/DerivedData/doctoroncall-autidjmoegkjsqfaaopcibfjpldp/Build/Intermediates.noindex/TemporaryTaskSandboxes
    export TEST_FRAMEWORK_SEARCH_PATHS\=\ /Applications/Xcode.app/Contents/Developer/Platforms/iPhoneSimulator.platform/Developer/Library/Frameworks\ /Applications/Xcode.app/Contents/Developer/Platforms/iPhoneSimulator.platform/Developer/SDKs/iPhoneSimulator26.2.sdk/Developer/Library/Frameworks
    export TEST_LIBRARY_SEARCH_PATHS\=\ /Applications/Xcode.app/Contents/Developer/Platforms/iPhoneSimulator.platform/Developer/usr/lib
    export TOOLCHAINS\=com.apple.dt.toolchain.XcodeDefault
    export TOOLCHAIN_DIR\=/Applications/Xcode.app/Contents/Developer/Toolchains/XcodeDefault.xctoolchain
    export TREAT_MISSING_BASELINES_AS_TEST_FAILURES\=NO
    export TREAT_MISSING_SCRIPT_PHASE_OUTPUTS_AS_ERRORS\=NO
    export UID\=501
    export UNINSTALLED_PRODUCTS_DIR\=/Users/kashif/Library/Developer/Xcode/DerivedData/doctoroncall-autidjmoegkjsqfaaopcibfjpldp/Build/Intermediates.noindex/UninstalledProducts
    export UNSTRIPPED_PRODUCT\=NO
    export USER\=kashif
    export USER_APPS_DIR\=/Users/kashif/Applications
    export USER_LIBRARY_DIR\=/Users/kashif/Library
    export USE_DYNAMIC_NO_PIC\=YES
    export USE_HEADERMAP\=YES
    export USE_HEADER_SYMLINKS\=NO
    export USE_HERMES\=true
    export USE_RECURSIVE_SCRIPT_INPUTS_IN_SCRIPT_PHASES\=YES
    export VALIDATE_DEVELOPMENT_ASSET_PATHS\=YES_ERROR
    export VALIDATE_PRODUCT\=NO
    export VALID_ARCHS\=arm64\ x86_64
    export VERBOSE_PBXCP\=NO
    export VERSION_INFO_BUILDER\=kashif
    export VERSION_INFO_FILE\=hermes-engine_vers.c
    export VERSION_INFO_STRING\=\"@\(\#\)PROGRAM:hermes-engine\ \ PROJECT:Pods-\"
    export WORKSPACE_DIR\=/Users/kashif/Documents/GitHub/DoctoroncallNew/ios
    export WRAP_ASSET_PACKS_IN_SEPARATE_DIRECTORIES\=NO
    export XCODE_APP_SUPPORT_DIR\=/Applications/Xcode.app/Contents/Developer/Library/Xcode
    export XCODE_PRODUCT_BUILD_VERSION\=17C529
    export XCODE_VERSION_ACTUAL\=2630
    export XCODE_VERSION_MAJOR\=2600
    export XCODE_VERSION_MINOR\=2630
    export XPCSERVICES_FOLDER_PATH\=/XPCServices
    export YACC\=yacc
    export _DISCOVER_COMMAND_LINE_LINKER_INPUTS\=YES
    export _DISCOVER_COMMAND_LINE_LINKER_INPUTS_INCLUDE_WL\=YES
    export _LD_MULTIARCH\=YES
    export __DIAGNOSE_DEPRECATED_ARCHS\=YES
    export arch\=undefined_arch
    export variant\=normal
    /bin/sh -c /Users/kashif/Library/Developer/Xcode/DerivedData/doctoroncall-autidjmoegkjsqfaaopcibfjpldp/Build/Intermediates.noindex/Pods.build/Debug-iphonesimulator/hermes-engine.build/Script-46EB2E00067AD0.sh
Node found at: /usr/local/Cellar/node/23.2.0/bin/node
/Users/kashif/Library/Developer/Xcode/DerivedData/doctoroncall-autidjmoegkjsqfaaopcibfjpldp/Build/Intermediates.noindex/Pods.build/Debug-iphonesimulator/hermes-engine.build/Script-46EB2E00067AD0.sh: line 9: /usr/local/Cellar/node/23.2.0/bin/node: No such file or directory
Command PhaseScriptExecution failed with a nonzero exit code

Copy /Users/kashif/Library/Developer/Xcode/DerivedData/doctoroncall-autidjmoegkjsqfaaopcibfjpldp/Build/Products/Debug-iphonesimulator/fmt/fmt.framework/Headers/fmt/format-inl.h /Users/kashif/Documents/GitHub/DoctoroncallNew/ios/Pods/fmt/include/fmt/format-inl.h (in target 'fmt' from project 'Pods')
    cd /Users/kashif/Documents/GitHub/DoctoroncallNew/ios/Pods
    builtin-copy -exclude .DS_Store -exclude CVS -exclude .svn -exclude .git -exclude .hg -resolve-src-symlinks -remove-static-executable /Users/kashif/Documents/GitHub/DoctoroncallNew/ios/Pods/fmt/include/fmt/format-inl.h /Users/kashif/Library/Developer/Xcode/DerivedData/doctoroncall-autidjmoegkjsqfaaopcibfjpldp/Build/Products/Debug-iphonesimulator/fmt/fmt.framework/Headers/fmt

Copy /Users/kashif/Library/Developer/Xcode/DerivedData/doctoroncall-autidjmoegkjsqfaaopcibfjpldp/Build/Products/Debug-iphonesimulator/fmt/fmt.framework/Headers/fmt/core.h /Users/kashif/Documents/GitHub/DoctoroncallNew/ios/Pods/fmt/include/fmt/core.h (in target 'fmt' from project 'Pods')
    cd /Users/kashif/Documents/GitHub/DoctoroncallNew/ios/Pods
    builtin-copy -exclude .DS_Store -exclude CVS -exclude .svn -exclude .git -exclude .hg -resolve-src-symlinks -remove-static-executable /Users/kashif/Documents/GitHub/DoctoroncallNew/ios/Pods/fmt/include/fmt/core.h /Users/kashif/Library/Developer/Xcode/DerivedData/doctoroncall-autidjmoegkjsqfaaopcibfjpldp/Build/Products/Debug-iphonesimulator/fmt/fmt.framework/Headers/fmt

Copy /Users/kashif/Library/Developer/Xcode/DerivedData/doctoroncall-autidjmoegkjsqfaaopcibfjpldp/Build/Products/Debug-iphonesimulator/fmt/fmt.framework/Headers/fmt/color.h /Users/kashif/Documents/GitHub/DoctoroncallNew/ios/Pods/fmt/include/fmt/color.h (in target 'fmt' from project 'Pods')
    cd /Users/kashif/Documents/GitHub/DoctoroncallNew/ios/Pods
    builtin-copy -exclude .DS_Store -exclude CVS -exclude .svn -exclude .git -exclude .hg -resolve-src-symlinks -remove-static-executable /Users/kashif/Documents/GitHub/DoctoroncallNew/ios/Pods/fmt/include/fmt/color.h /Users/kashif/Library/Developer/Xcode/DerivedData/doctoroncall-autidjmoegkjsqfaaopcibfjpldp/Build/Products/Debug-iphonesimulator/fmt/fmt.framework/Headers/fmt

Copy /Users/kashif/Library/Developer/Xcode/DerivedData/doctoroncall-autidjmoegkjsqfaaopcibfjpldp/Build/Products/Debug-iphonesimulator/fmt/fmt.framework/Headers/fmt/compile.h /Users/kashif/Documents/GitHub/DoctoroncallNew/ios/Pods/fmt/include/fmt/compile.h (in target 'fmt' from project 'Pods')
    cd /Users/kashif/Documents/GitHub/DoctoroncallNew/ios/Pods
    builtin-copy -exclude .DS_Store -exclude CVS -exclude .svn -exclude .git -exclude .hg -resolve-src-symlinks -remove-static-executable /Users/kashif/Documents/GitHub/DoctoroncallNew/ios/Pods/fmt/include/fmt/compile.h /Users/kashif/Library/Developer/Xcode/DerivedData/doctoroncall-autidjmoegkjsqfaaopcibfjpldp/Build/Products/Debug-iphonesimulator/fmt/fmt.framework/Headers/fmt

Copy /Users/kashif/Library/Developer/Xcode/DerivedData/doctoroncall-autidjmoegkjsqfaaopcibfjpldp/Build/Products/Debug-iphonesimulator/fmt/fmt.framework/Headers/fmt/chrono.h /Users/kashif/Documents/GitHub/DoctoroncallNew/ios/Pods/fmt/include/fmt/chrono.h (in target 'fmt' from project 'Pods')
    cd /Users/kashif/Documents/GitHub/DoctoroncallNew/ios/Pods
    builtin-copy -exclude .DS_Store -exclude CVS -exclude .svn -exclude .git -exclude .hg -resolve-src-symlinks -remove-static-executable /Users/kashif/Documents/GitHub/DoctoroncallNew/ios/Pods/fmt/include/fmt/chrono.h /Users/kashif/Library/Developer/Xcode/DerivedData/doctoroncall-autidjmoegkjsqfaaopcibfjpldp/Build/Products/Debug-iphonesimulator/fmt/fmt.framework/Headers/fmt

Copy /Users/kashif/Library/Developer/Xcode/DerivedData/doctoroncall-autidjmoegkjsqfaaopcibfjpldp/Build/Products/Debug-iphonesimulator/fmt/fmt.framework/Headers/fmt/base.h /Users/kashif/Documents/GitHub/DoctoroncallNew/ios/Pods/fmt/include/fmt/base.h (in target 'fmt' from project 'Pods')
    cd /Users/kashif/Documents/GitHub/DoctoroncallNew/ios/Pods
    builtin-copy -exclude .DS_Store -exclude CVS -exclude .svn -exclude .git -exclude .hg -resolve-src-symlinks -remove-static-executable /Users/kashif/Documents/GitHub/DoctoroncallNew/ios/Pods/fmt/include/fmt/base.h /Users/kashif/Library/Developer/Xcode/DerivedData/doctoroncall-autidjmoegkjsqfaaopcibfjpldp/Build/Products/Debug-iphonesimulator/fmt/fmt.framework/Headers/fmt

Copy /Users/kashif/Library/Developer/Xcode/DerivedData/doctoroncall-autidjmoegkjsqfaaopcibfjpldp/Build/Products/Debug-iphonesimulator/fmt/fmt.framework/Headers/fmt/args.h /Users/kashif/Documents/GitHub/DoctoroncallNew/ios/Pods/fmt/include/fmt/args.h (in target 'fmt' from project 'Pods')
    cd /Users/kashif/Documents/GitHub/DoctoroncallNew/ios/Pods
    builtin-copy -exclude .DS_Store -exclude CVS -exclude .svn -exclude .git -exclude .hg -resolve-src-symlinks -remove-static-executable /Users/kashif/Documents/GitHub/DoctoroncallNew/ios/Pods/fmt/include/fmt/args.h /Users/kashif/Library/Developer/Xcode/DerivedData/doctoroncall-autidjmoegkjsqfaaopcibfjpldp/Build/Products/Debug-iphonesimulator/fmt/fmt.framework/Headers/fmt

Copy /Users/kashif/Library/Developer/Xcode/DerivedData/doctoroncall-autidjmoegkjsqfaaopcibfjpldp/Build/Products/Debug-iphonesimulator/React-idlecallbacksnativemodule/idlecallbacksnativemodule.framework/Modules/module.modulemap /Users/kashif/Library/Developer/Xcode/DerivedData/doctoroncall-autidjmoegkjsqfaaopcibfjpldp/Build/Intermediates.noindex/Pods.build/Debug-iphonesimulator/React-idlecallbacksnativemodule.build/module.modulemap (in target 'React-idlecallbacksnativemodule' from project 'Pods')
    cd /Users/kashif/Documents/GitHub/DoctoroncallNew/ios/Pods
    builtin-copy -exclude .DS_Store -exclude CVS -exclude .svn -exclude .git -exclude .hg -resolve-src-symlinks /Users/kashif/Library/Developer/Xcode/DerivedData/doctoroncall-autidjmoegkjsqfaaopcibfjpldp/Build/Intermediates.noindex/Pods.build/Debug-iphonesimulator/React-idlecallbacksnativemodule.build/module.modulemap /Users/kashif/Library/Developer/Xcode/DerivedData/doctoroncall-autidjmoegkjsqfaaopcibfjpldp/Build/Products/Debug-iphonesimulator/React-idlecallbacksnativemodule/idlecallbacksnativemodule.framework/Modules

WriteAuxiliaryFile /Users/kashif/Library/Developer/Xcode/DerivedData/doctoroncall-autidjmoegkjsqfaaopcibfjpldp/Build/Intermediates.noindex/Pods.build/Debug-iphonesimulator/React-hermes.build/reacthermes.hmap (in target 'React-hermes' from project 'Pods')
    cd /Users/kashif/Documents/GitHub/DoctoroncallNew/ios/Pods
    write-file /Users/kashif/Library/Developer/Xcode/DerivedData/doctoroncall-autidjmoegkjsqfaaopcibfjpldp/Build/Intermediates.noindex/Pods.build/Debug-iphonesimulator/React-hermes.build/reacthermes.hmap

WriteAuxiliaryFile /Users/kashif/Library/Developer/Xcode/DerivedData/doctoroncall-autidjmoegkjsqfaaopcibfjpldp/Build/Intermediates.noindex/Pods.build/Debug-iphonesimulator/React-hermes.build/reacthermes.DependencyStaticMetadataFileList (in target 'React-hermes' from project 'Pods')
    cd /Users/kashif/Documents/GitHub/DoctoroncallNew/ios/Pods
    write-file /Users/kashif/Library/Developer/Xcode/DerivedData/doctoroncall-autidjmoegkjsqfaaopcibfjpldp/Build/Intermediates.noindex/Pods.build/Debug-iphonesimulator/React-hermes.build/reacthermes.DependencyStaticMetadataFileList

WriteAuxiliaryFile /Users/kashif/Library/Developer/Xcode/DerivedData/doctoroncall-autidjmoegkjsqfaaopcibfjpldp/Build/Intermediates.noindex/Pods.build/Debug-iphonesimulator/React-hermes.build/reacthermes.DependencyMetadataFileList (in target 'React-hermes' from project 'Pods')
    cd /Users/kashif/Documents/GitHub/DoctoroncallNew/ios/Pods
    write-file /Users/kashif/Library/Developer/Xcode/DerivedData/doctoroncall-autidjmoegkjsqfaaopcibfjpldp/Build/Intermediates.noindex/Pods.build/Debug-iphonesimulator/React-hermes.build/reacthermes.DependencyMetadataFileList

WriteAuxiliaryFile /Users/kashif/Library/Developer/Xcode/DerivedData/doctoroncall-autidjmoegkjsqfaaopcibfjpldp/Build/Intermediates.noindex/Pods.build/Debug-iphonesimulator/React-hermes.build/reacthermes-project-headers.hmap (in target 'React-hermes' from project 'Pods')
    cd /Users/kashif/Documents/GitHub/DoctoroncallNew/ios/Pods
    write-file /Users/kashif/Library/Developer/Xcode/DerivedData/doctoroncall-autidjmoegkjsqfaaopcibfjpldp/Build/Intermediates.noindex/Pods.build/Debug-iphonesimulator/React-hermes.build/reacthermes-project-headers.hmap

WriteAuxiliaryFile /Users/kashif/Library/Developer/Xcode/DerivedData/doctoroncall-autidjmoegkjsqfaaopcibfjpldp/Build/Intermediates.noindex/Pods.build/Debug-iphonesimulator/React-hermes.build/reacthermes-own-target-headers.hmap (in target 'React-hermes' from project 'Pods')
    cd /Users/kashif/Documents/GitHub/DoctoroncallNew/ios/Pods
    write-file /Users/kashif/Library/Developer/Xcode/DerivedData/doctoroncall-autidjmoegkjsqfaaopcibfjpldp/Build/Intermediates.noindex/Pods.build/Debug-iphonesimulator/React-hermes.build/reacthermes-own-target-headers.hmap

WriteAuxiliaryFile /Users/kashif/Library/Developer/Xcode/DerivedData/doctoroncall-autidjmoegkjsqfaaopcibfjpldp/Build/Intermediates.noindex/Pods.build/Debug-iphonesimulator/React-hermes.build/reacthermes-generated-files.hmap (in target 'React-hermes' from project 'Pods')
    cd /Users/kashif/Documents/GitHub/DoctoroncallNew/ios/Pods
    write-file /Users/kashif/Library/Developer/Xcode/DerivedData/doctoroncall-autidjmoegkjsqfaaopcibfjpldp/Build/Intermediates.noindex/Pods.build/Debug-iphonesimulator/React-hermes.build/reacthermes-generated-files.hmap

WriteAuxiliaryFile /Users/kashif/Library/Developer/Xcode/DerivedData/doctoroncall-autidjmoegkjsqfaaopcibfjpldp/Build/Intermediates.noindex/Pods.build/Debug-iphonesimulator/React-hermes.build/reacthermes-all-target-headers.hmap (in target 'React-hermes' from project 'Pods')
    cd /Users/kashif/Documents/GitHub/DoctoroncallNew/ios/Pods
    write-file /Users/kashif/Library/Developer/Xcode/DerivedData/doctoroncall-autidjmoegkjsqfaaopcibfjpldp/Build/Intermediates.noindex/Pods.build/Debug-iphonesimulator/React-hermes.build/reacthermes-all-target-headers.hmap

WriteAuxiliaryFile /Users/kashif/Library/Developer/Xcode/DerivedData/doctoroncall-autidjmoegkjsqfaaopcibfjpldp/Build/Intermediates.noindex/Pods.build/Debug-iphonesimulator/React-hermes.build/reacthermes-all-non-framework-target-headers.hmap (in target 'React-hermes' from project 'Pods')
    cd /Users/kashif/Documents/GitHub/DoctoroncallNew/ios/Pods
    write-file /Users/kashif/Library/Developer/Xcode/DerivedData/doctoroncall-autidjmoegkjsqfaaopcibfjpldp/Build/Intermediates.noindex/Pods.build/Debug-iphonesimulator/React-hermes.build/reacthermes-all-non-framework-target-headers.hmap

WriteAuxiliaryFile /Users/kashif/Library/Developer/Xcode/DerivedData/doctoroncall-autidjmoegkjsqfaaopcibfjpldp/Build/Intermediates.noindex/Pods.build/Debug-iphonesimulator/React-hermes.build/Objects-normal/arm64/reacthermes.LinkFileList (in target 'React-hermes' from project 'Pods')
    cd /Users/kashif/Documents/GitHub/DoctoroncallNew/ios/Pods
    write-file /Users/kashif/Library/Developer/Xcode/DerivedData/doctoroncall-autidjmoegkjsqfaaopcibfjpldp/Build/Intermediates.noindex/Pods.build/Debug-iphonesimulator/React-hermes.build/Objects-normal/arm64/reacthermes.LinkFileList

WriteAuxiliaryFile /Users/kashif/Library/Developer/Xcode/DerivedData/doctoroncall-autidjmoegkjsqfaaopcibfjpldp/Build/Intermediates.noindex/Pods.build/Debug-iphonesimulator/React-hermes.build/Objects-normal/arm64/e6072d4f65d7061329687fe24e3d63a7-common-args.resp (in target 'React-hermes' from project 'Pods')
    cd /Users/kashif/Documents/GitHub/DoctoroncallNew/ios/Pods
    write-file /Users/kashif/Library/Developer/Xcode/DerivedData/doctoroncall-autidjmoegkjsqfaaopcibfjpldp/Build/Intermediates.noindex/Pods.build/Debug-iphonesimulator/React-hermes.build/Objects-normal/arm64/e6072d4f65d7061329687fe24e3d63a7-common-args.resp
-target arm64-apple-ios15.1-simulator '-std=gnu11' -fobjc-arc -fmodules -gmodules '-fmodules-cache-path=/Users/kashif/Library/Developer/Xcode/DerivedData/ModuleCache.noindex' '-fmodule-name=reacthermes' -fpascal-strings -O0 -fno-common '-DPOD_CONFIGURATION_DEBUG=1' '-DDEBUG=1' '-DCOCOAPODS=1' '-DHERMES_ENABLE_DEBUGGER=1' '-DOBJC_OLD_DISPATCH_PROTOTYPES=0' -isysroot /Applications/Xcode.app/Contents/Developer/Platforms/iPhoneSimulator.platform/Developer/SDKs/iPhoneSimulator26.2.sdk -g '-fobjc-abi-version=2' -fobjc-legacy-dispatch -iquote /Users/kashif/Library/Developer/Xcode/DerivedData/doctoroncall-autidjmoegkjsqfaaopcibfjpldp/Build/Intermediates.noindex/Pods.build/Debug-iphonesimulator/React-hermes.build/reacthermes-generated-files.hmap -I/Users/kashif/Library/Developer/Xcode/DerivedData/doctoroncall-autidjmoegkjsqfaaopcibfjpldp/Build/Intermediates.noindex/Pods.build/Debug-iphonesimulator/React-hermes.build/reacthermes-own-target-headers.hmap -I/Users/kashif/Library/Developer/Xcode/DerivedData/doctoroncall-autidjmoegkjsqfaaopcibfjpldp/Build/Intermediates.noindex/Pods.build/Debug-iphonesimulator/React-hermes.build/reacthermes-all-non-framework-target-headers.hmap -ivfsoverlay /Users/kashif/Library/Developer/Xcode/DerivedData/doctoroncall-autidjmoegkjsqfaaopcibfjpldp/Build/Intermediates.noindex/Pods.build/Debug-iphonesimulator/Pods-8699adb1dd336b26511df848a716bd42-VFS-iphonesimulator/all-product-headers.yaml -iquote /Users/kashif/Library/Developer/Xcode/DerivedData/doctoroncall-autidjmoegkjsqfaaopcibfjpldp/Build/Intermediates.noindex/Pods.build/Debug-iphonesimulator/React-hermes.build/reacthermes-project-headers.hmap -I/Users/kashif/Library/Developer/Xcode/DerivedData/doctoroncall-autidjmoegkjsqfaaopcibfjpldp/Build/Products/Debug-iphonesimulator/React-hermes/include -I/Users/kashif/Library/Developer/Xcode/DerivedData/doctoroncall-autidjmoegkjsqfaaopcibfjpldp/Build/Products/Debug-iphonesimulator/ReactCommon/ReactCommon.framework/Headers -I/Users/kashif/Library/Developer/Xcode/DerivedData/doctoroncall-autidjmoegkjsqfaaopcibfjpldp/Build/Products/Debug-iphonesimulator/ReactCommon/ReactCommon.framework/Headers/react/nativemodule/core -I/Users/kashif/Library/Developer/Xcode/DerivedData/doctoroncall-autidjmoegkjsqfaaopcibfjpldp/Build/Products/Debug-iphonesimulator/ReactCommon-Samples/ReactCommon_Samples.framework/Headers -I/Users/kashif/Library/Developer/Xcode/DerivedData/doctoroncall-autidjmoegkjsqfaaopcibfjpldp/Build/Products/Debug-iphonesimulator/ReactCommon-Samples/ReactCommon_Samples.framework/Headers/platform/ios -I/Users/kashif/Library/Developer/Xcode/DerivedData/doctoroncall-autidjmoegkjsqfaaopcibfjpldp/Build/Products/Debug-iphonesimulator/React-Fabric/React_Fabric.framework/Headers/react/renderer/components/view/platform/cxx -I/Users/kashif/Library/Developer/Xcode/DerivedData/doctoroncall-autidjmoegkjsqfaaopcibfjpldp/Build/Products/Debug-iphonesimulator/React-NativeModulesApple/React_NativeModulesApple.framework/Headers -I/Users/kashif/Library/Developer/Xcode/DerivedData/doctoroncall-autidjmoegkjsqfaaopcibfjpldp/Build/Products/Debug-iphonesimulator/React-graphics/React_graphics.framework/Headers -I/Users/kashif/Library/Developer/Xcode/DerivedData/doctoroncall-autidjmoegkjsqfaaopcibfjpldp/Build/Products/Debug-iphonesimulator/React-graphics/React_graphics.framework/Headers/react/renderer/graphics/platform/ios -I/Users/kashif/Documents/GitHub/DoctoroncallNew/ios/Pods/Headers/Public -I/Users/kashif/Documents/GitHub/DoctoroncallNew/ios/Pods/Headers/Public/React-callinvoker -I/Users/kashif/Documents/GitHub/DoctoroncallNew/ios/Pods/Headers/Public/React-runtimeexecutor -I/Users/kashif/Documents/GitHub/DoctoroncallNew/ios/Pods/Headers/Public/React-timing -I/Users/kashif/Documents/GitHub/DoctoroncallNew/ios/Pods/Headers/Public/boost -I/Users/kashif/Documents/GitHub/DoctoroncallNew/ios/Pods/Headers/Public/fast_float -I/Users/kashif/Documents/GitHub/DoctoroncallNew/ios/Pods/Headers/Public/hermes-engine -I/Users/kashif/Documents/GitHub/DoctoroncallNew/ios/Pods/hermes-engine/destroot/include -I/Users/kashif/Documents/GitHub/DoctoroncallNew/node_modules/react-native/ReactCommon -I/Users/kashif/Documents/GitHub/DoctoroncallNew/ios/Pods/boost -I/Users/kashif/Documents/GitHub/DoctoroncallNew/ios/Pods/RCT-Folly -I/Users/kashif/Documents/GitHub/DoctoroncallNew/ios/Pods/DoubleConversion -I/Users/kashif/Documents/GitHub/DoctoroncallNew/ios/Pods/fmt/include -I/Users/kashif/Library/Developer/Xcode/DerivedData/doctoroncall-autidjmoegkjsqfaaopcibfjpldp/Build/Products/Debug-iphonesimulator/React-jsinspector/jsinspector_modern.framework/Headers -I/Users/kashif/Library/Developer/Xcode/DerivedData/doctoroncall-autidjmoegkjsqfaaopcibfjpldp/Build/Products/Debug-iphonesimulator/React-jsinspectortracing/jsinspector_moderntracing.framework/Headers -I/Users/kashif/Library/Developer/Xcode/DerivedData/doctoroncall-autidjmoegkjsqfaaopcibfjpldp/Build/Intermediates.noindex/Pods.build/Debug-iphonesimulator/React-hermes.build/DerivedSources-normal/arm64 -I/Users/kashif/Library/Developer/Xcode/DerivedData/doctoroncall-autidjmoegkjsqfaaopcibfjpldp/Build/Intermediates.noindex/Pods.build/Debug-iphonesimulator/React-hermes.build/DerivedSources/arm64 -I/Users/kashif/Library/Developer/Xcode/DerivedData/doctoroncall-autidjmoegkjsqfaaopcibfjpldp/Build/Intermediates.noindex/Pods.build/Debug-iphonesimulator/React-hermes.build/DerivedSources -F/Users/kashif/Library/Developer/Xcode/DerivedData/doctoroncall-autidjmoegkjsqfaaopcibfjpldp/Build/Products/Debug-iphonesimulator/React-hermes -F/Users/kashif/Library/Developer/Xcode/DerivedData/doctoroncall-autidjmoegkjsqfaaopcibfjpldp/Build/Products/Debug-iphonesimulator/DoubleConversion -F/Users/kashif/Library/Developer/Xcode/DerivedData/doctoroncall-autidjmoegkjsqfaaopcibfjpldp/Build/Products/Debug-iphonesimulator/RCT-Folly -F/Users/kashif/Library/Developer/Xcode/DerivedData/doctoroncall-autidjmoegkjsqfaaopcibfjpldp/Build/Products/Debug-iphonesimulator/React-cxxreact -F/Users/kashif/Library/Developer/Xcode/DerivedData/doctoroncall-autidjmoegkjsqfaaopcibfjpldp/Build/Products/Debug-iphonesimulator/React-debug -F/Users/kashif/Library/Developer/Xcode/DerivedData/doctoroncall-autidjmoegkjsqfaaopcibfjpldp/Build/Products/Debug-iphonesimulator/React-featureflags -F/Users/kashif/Library/Developer/Xcode/DerivedData/doctoroncall-autidjmoegkjsqfaaopcibfjpldp/Build/Products/Debug-iphonesimulator/React-jsi -F/Users/kashif/Library/Developer/Xcode/DerivedData/doctoroncall-autidjmoegkjsqfaaopcibfjpldp/Build/Products/Debug-iphonesimulator/React-jsiexecutor -F/Users/kashif/Library/Developer/Xcode/DerivedData/doctoroncall-autidjmoegkjsqfaaopcibfjpldp/Build/Products/Debug-iphonesimulator/React-jsinspector -F/Users/kashif/Library/Developer/Xcode/DerivedData/doctoroncall-autidjmoegkjsqfaaopcibfjpldp/Build/Products/Debug-iphonesimulator/React-jsinspectortracing -F/Users/kashif/Library/Developer/Xcode/DerivedData/doctoroncall-autidjmoegkjsqfaaopcibfjpldp/Build/Products/Debug-iphonesimulator/React-logger -F/Users/kashif/Library/Developer/Xcode/DerivedData/doctoroncall-autidjmoegkjsqfaaopcibfjpldp/Build/Products/Debug-iphonesimulator/React-oscompat -F/Users/kashif/Library/Developer/Xcode/DerivedData/doctoroncall-autidjmoegkjsqfaaopcibfjpldp/Build/Products/Debug-iphonesimulator/React-perflogger -F/Users/kashif/Library/Developer/Xcode/DerivedData/doctoroncall-autidjmoegkjsqfaaopcibfjpldp/Build/Products/Debug-iphonesimulator/fmt -F/Users/kashif/Library/Developer/Xcode/DerivedData/doctoroncall-autidjmoegkjsqfaaopcibfjpldp/Build/Products/Debug-iphonesimulator/glog -F/Users/kashif/Documents/GitHub/DoctoroncallNew/ios/Pods/hermes-engine/destroot/Library/Frameworks/universal -F/Users/kashif/Library/Developer/Xcode/DerivedData/doctoroncall-autidjmoegkjsqfaaopcibfjpldp/Build/Products/Debug-iphonesimulator/XCFrameworkIntermediates/hermes-engine/Pre-built

WriteAuxiliaryFile /Users/kashif/Library/Developer/Xcode/DerivedData/doctoroncall-autidjmoegkjsqfaaopcibfjpldp/Build/Intermediates.noindex/Pods.build/Debug-iphonesimulator/React-hermes.build/Objects-normal/arm64/82b82416624d2658e5098eb0a28c15c5-common-args.resp (in target 'React-hermes' from project 'Pods')
    cd /Users/kashif/Documents/GitHub/DoctoroncallNew/ios/Pods
    write-file /Users/kashif/Library/Developer/Xcode/DerivedData/doctoroncall-autidjmoegkjsqfaaopcibfjpldp/Build/Intermediates.noindex/Pods.build/Debug-iphonesimulator/React-hermes.build/Objects-normal/arm64/82b82416624d2658e5098eb0a28c15c5-common-args.resp
-target arm64-apple-ios15.1-simulator '-std=c++20' '-stdlib=libc++' -fmodules -fno-cxx-modules -gmodules '-fmodules-cache-path=/Users/kashif/Library/Developer/Xcode/DerivedData/ModuleCache.noindex' '-fmodule-name=reacthermes' '-D_LIBCPP_HARDENING_MODE=_LIBCPP_HARDENING_MODE_DEBUG' -fpascal-strings -O0 -fno-common '-DPOD_CONFIGURATION_DEBUG=1' '-DDEBUG=1' '-DCOCOAPODS=1' '-DHERMES_ENABLE_DEBUGGER=1' -isysroot /Applications/Xcode.app/Contents/Developer/Platforms/iPhoneSimulator.platform/Developer/SDKs/iPhoneSimulator26.2.sdk -g -fvisibility-inlines-hidden -iquote /Users/kashif/Library/Developer/Xcode/DerivedData/doctoroncall-autidjmoegkjsqfaaopcibfjpldp/Build/Intermediates.noindex/Pods.build/Debug-iphonesimulator/React-hermes.build/reacthermes-generated-files.hmap -I/Users/kashif/Library/Developer/Xcode/DerivedData/doctoroncall-autidjmoegkjsqfaaopcibfjpldp/Build/Intermediates.noindex/Pods.build/Debug-iphonesimulator/React-hermes.build/reacthermes-own-target-headers.hmap -I/Users/kashif/Library/Developer/Xcode/DerivedData/doctoroncall-autidjmoegkjsqfaaopcibfjpldp/Build/Intermediates.noindex/Pods.build/Debug-iphonesimulator/React-hermes.build/reacthermes-all-non-framework-target-headers.hmap -ivfsoverlay /Users/kashif/Library/Developer/Xcode/DerivedData/doctoroncall-autidjmoegkjsqfaaopcibfjpldp/Build/Intermediates.noindex/Pods.build/Debug-iphonesimulator/Pods-8699adb1dd336b26511df848a716bd42-VFS-iphonesimulator/all-product-headers.yaml -iquote /Users/kashif/Library/Developer/Xcode/DerivedData/doctoroncall-autidjmoegkjsqfaaopcibfjpldp/Build/Intermediates.noindex/Pods.build/Debug-iphonesimulator/React-hermes.build/reacthermes-project-headers.hmap -I/Users/kashif/Library/Developer/Xcode/DerivedData/doctoroncall-autidjmoegkjsqfaaopcibfjpldp/Build/Products/Debug-iphonesimulator/React-hermes/include -I/Users/kashif/Library/Developer/Xcode/DerivedData/doctoroncall-autidjmoegkjsqfaaopcibfjpldp/Build/Products/Debug-iphonesimulator/ReactCommon/ReactCommon.framework/Headers -I/Users/kashif/Library/Developer/Xcode/DerivedData/doctoroncall-autidjmoegkjsqfaaopcibfjpldp/Build/Products/Debug-iphonesimulator/ReactCommon/ReactCommon.framework/Headers/react/nativemodule/core -I/Users/kashif/Library/Developer/Xcode/DerivedData/doctoroncall-autidjmoegkjsqfaaopcibfjpldp/Build/Products/Debug-iphonesimulator/ReactCommon-Samples/ReactCommon_Samples.framework/Headers -I/Users/kashif/Library/Developer/Xcode/DerivedData/doctoroncall-autidjmoegkjsqfaaopcibfjpldp/Build/Products/Debug-iphonesimulator/ReactCommon-Samples/ReactCommon_Samples.framework/Headers/platform/ios -I/Users/kashif/Library/Developer/Xcode/DerivedData/doctoroncall-autidjmoegkjsqfaaopcibfjpldp/Build/Products/Debug-iphonesimulator/React-Fabric/React_Fabric.framework/Headers/react/renderer/components/view/platform/cxx -I/Users/kashif/Library/Developer/Xcode/DerivedData/doctoroncall-autidjmoegkjsqfaaopcibfjpldp/Build/Products/Debug-iphonesimulator/React-NativeModulesApple/React_NativeModulesApple.framework/Headers -I/Users/kashif/Library/Developer/Xcode/DerivedData/doctoroncall-autidjmoegkjsqfaaopcibfjpldp/Build/Products/Debug-iphonesimulator/React-graphics/React_graphics.framework/Headers -I/Users/kashif/Library/Developer/Xcode/DerivedData/doctoroncall-autidjmoegkjsqfaaopcibfjpldp/Build/Products/Debug-iphonesimulator/React-graphics/React_graphics.framework/Headers/react/renderer/graphics/platform/ios -I/Users/kashif/Documents/GitHub/DoctoroncallNew/ios/Pods/Headers/Public -I/Users/kashif/Documents/GitHub/DoctoroncallNew/ios/Pods/Headers/Public/React-callinvoker -I/Users/kashif/Documents/GitHub/DoctoroncallNew/ios/Pods/Headers/Public/React-runtimeexecutor -I/Users/kashif/Documents/GitHub/DoctoroncallNew/ios/Pods/Headers/Public/React-timing -I/Users/kashif/Documents/GitHub/DoctoroncallNew/ios/Pods/Headers/Public/boost -I/Users/kashif/Documents/GitHub/DoctoroncallNew/ios/Pods/Headers/Public/fast_float -I/Users/kashif/Documents/GitHub/DoctoroncallNew/ios/Pods/Headers/Public/hermes-engine -I/Users/kashif/Documents/GitHub/DoctoroncallNew/ios/Pods/hermes-engine/destroot/include -I/Users/kashif/Documents/GitHub/DoctoroncallNew/node_modules/react-native/ReactCommon -I/Users/kashif/Documents/GitHub/DoctoroncallNew/ios/Pods/boost -I/Users/kashif/Documents/GitHub/DoctoroncallNew/ios/Pods/RCT-Folly -I/Users/kashif/Documents/GitHub/DoctoroncallNew/ios/Pods/DoubleConversion -I/Users/kashif/Documents/GitHub/DoctoroncallNew/ios/Pods/fmt/include -I/Users/kashif/Library/Developer/Xcode/DerivedData/doctoroncall-autidjmoegkjsqfaaopcibfjpldp/Build/Products/Debug-iphonesimulator/React-jsinspector/jsinspector_modern.framework/Headers -I/Users/kashif/Library/Developer/Xcode/DerivedData/doctoroncall-autidjmoegkjsqfaaopcibfjpldp/Build/Products/Debug-iphonesimulator/React-jsinspectortracing/jsinspector_moderntracing.framework/Headers -I/Users/kashif/Library/Developer/Xcode/DerivedData/doctoroncall-autidjmoegkjsqfaaopcibfjpldp/Build/Intermediates.noindex/Pods.build/Debug-iphonesimulator/React-hermes.build/DerivedSources-normal/arm64 -I/Users/kashif/Library/Developer/Xcode/DerivedData/doctoroncall-autidjmoegkjsqfaaopcibfjpldp/Build/Intermediates.noindex/Pods.build/Debug-iphonesimulator/React-hermes.build/DerivedSources/arm64 -I/Users/kashif/Library/Developer/Xcode/DerivedData/doctoroncall-autidjmoegkjsqfaaopcibfjpldp/Build/Intermediates.noindex/Pods.build/Debug-iphonesimulator/React-hermes.build/DerivedSources -F/Users/kashif/Library/Developer/Xcode/DerivedData/doctoroncall-autidjmoegkjsqfaaopcibfjpldp/Build/Products/Debug-iphonesimulator/React-hermes -F/Users/kashif/Library/Developer/Xcode/DerivedData/doctoroncall-autidjmoegkjsqfaaopcibfjpldp/Build/Products/Debug-iphonesimulator/DoubleConversion -F/Users/kashif/Library/Developer/Xcode/DerivedData/doctoroncall-autidjmoegkjsqfaaopcibfjpldp/Build/Products/Debug-iphonesimulator/RCT-Folly -F/Users/kashif/Library/Developer/Xcode/DerivedData/doctoroncall-autidjmoegkjsqfaaopcibfjpldp/Build/Products/Debug-iphonesimulator/React-cxxreact -F/Users/kashif/Library/Developer/Xcode/DerivedData/doctoroncall-autidjmoegkjsqfaaopcibfjpldp/Build/Products/Debug-iphonesimulator/React-debug -F/Users/kashif/Library/Developer/Xcode/DerivedData/doctoroncall-autidjmoegkjsqfaaopcibfjpldp/Build/Products/Debug-iphonesimulator/React-featureflags -F/Users/kashif/Library/Developer/Xcode/DerivedData/doctoroncall-autidjmoegkjsqfaaopcibfjpldp/Build/Products/Debug-iphonesimulator/React-jsi -F/Users/kashif/Library/Developer/Xcode/DerivedData/doctoroncall-autidjmoegkjsqfaaopcibfjpldp/Build/Products/Debug-iphonesimulator/React-jsiexecutor -F/Users/kashif/Library/Developer/Xcode/DerivedData/doctoroncall-autidjmoegkjsqfaaopcibfjpldp/Build/Products/Debug-iphonesimulator/React-jsinspector -F/Users/kashif/Library/Developer/Xcode/DerivedData/doctoroncall-autidjmoegkjsqfaaopcibfjpldp/Build/Products/Debug-iphonesimulator/React-jsinspectortracing -F/Users/kashif/Library/Developer/Xcode/DerivedData/doctoroncall-autidjmoegkjsqfaaopcibfjpldp/Build/Products/Debug-iphonesimulator/React-logger -F/Users/kashif/Library/Developer/Xcode/DerivedData/doctoroncall-autidjmoegkjsqfaaopcibfjpldp/Build/Products/Debug-iphonesimulator/React-oscompat -F/Users/kashif/Library/Developer/Xcode/DerivedData/doctoroncall-autidjmoegkjsqfaaopcibfjpldp/Build/Products/Debug-iphonesimulator/React-perflogger -F/Users/kashif/Library/Developer/Xcode/DerivedData/doctoroncall-autidjmoegkjsqfaaopcibfjpldp/Build/Products/Debug-iphonesimulator/fmt -F/Users/kashif/Library/Developer/Xcode/DerivedData/doctoroncall-autidjmoegkjsqfaaopcibfjpldp/Build/Products/Debug-iphonesimulator/glog -F/Users/kashif/Documents/GitHub/DoctoroncallNew/ios/Pods/hermes-engine/destroot/Library/Frameworks/universal -F/Users/kashif/Library/Developer/Xcode/DerivedData/doctoroncall-autidjmoegkjsqfaaopcibfjpldp/Build/Products/Debug-iphonesimulator/XCFrameworkIntermediates/hermes-engine/Pre-built

WriteAuxiliaryFile /Users/kashif/Library/Developer/Xcode/DerivedData/doctoroncall-autidjmoegkjsqfaaopcibfjpldp/Build/Intermediates.noindex/Pods.build/Debug-iphonesimulator/React-hermes.build/Objects-normal/arm64/7187679823f38a2a940e0043cdf9d637-common-args.resp (in target 'React-hermes' from project 'Pods')
    cd /Users/kashif/Documents/GitHub/DoctoroncallNew/ios/Pods
    write-file /Users/kashif/Library/Developer/Xcode/DerivedData/doctoroncall-autidjmoegkjsqfaaopcibfjpldp/Build/Intermediates.noindex/Pods.build/Debug-iphonesimulator/React-hermes.build/Objects-normal/arm64/7187679823f38a2a940e0043cdf9d637-common-args.resp
-target arm64-apple-ios15.1-simulator '-std=gnu11' -fmodules -gmodules '-fmodules-cache-path=/Users/kashif/Library/Developer/Xcode/DerivedData/ModuleCache.noindex' '-fmodule-name=reacthermes' -fpascal-strings -O0 -fno-common '-DPOD_CONFIGURATION_DEBUG=1' '-DDEBUG=1' '-DCOCOAPODS=1' '-DHERMES_ENABLE_DEBUGGER=1' -isysroot /Applications/Xcode.app/Contents/Developer/Platforms/iPhoneSimulator.platform/Developer/SDKs/iPhoneSimulator26.2.sdk -g -iquote /Users/kashif/Library/Developer/Xcode/DerivedData/doctoroncall-autidjmoegkjsqfaaopcibfjpldp/Build/Intermediates.noindex/Pods.build/Debug-iphonesimulator/React-hermes.build/reacthermes-generated-files.hmap -I/Users/kashif/Library/Developer/Xcode/DerivedData/doctoroncall-autidjmoegkjsqfaaopcibfjpldp/Build/Intermediates.noindex/Pods.build/Debug-iphonesimulator/React-hermes.build/reacthermes-own-target-headers.hmap -I/Users/kashif/Library/Developer/Xcode/DerivedData/doctoroncall-autidjmoegkjsqfaaopcibfjpldp/Build/Intermediates.noindex/Pods.build/Debug-iphonesimulator/React-hermes.build/reacthermes-all-non-framework-target-headers.hmap -ivfsoverlay /Users/kashif/Library/Developer/Xcode/DerivedData/doctoroncall-autidjmoegkjsqfaaopcibfjpldp/Build/Intermediates.noindex/Pods.build/Debug-iphonesimulator/Pods-8699adb1dd336b26511df848a716bd42-VFS-iphonesimulator/all-product-headers.yaml -iquote /Users/kashif/Library/Developer/Xcode/DerivedData/doctoroncall-autidjmoegkjsqfaaopcibfjpldp/Build/Intermediates.noindex/Pods.build/Debug-iphonesimulator/React-hermes.build/reacthermes-project-headers.hmap -I/Users/kashif/Library/Developer/Xcode/DerivedData/doctoroncall-autidjmoegkjsqfaaopcibfjpldp/Build/Products/Debug-iphonesimulator/React-hermes/include -I/Users/kashif/Library/Developer/Xcode/DerivedData/doctoroncall-autidjmoegkjsqfaaopcibfjpldp/Build/Products/Debug-iphonesimulator/ReactCommon/ReactCommon.framework/Headers -I/Users/kashif/Library/Developer/Xcode/DerivedData/doctoroncall-autidjmoegkjsqfaaopcibfjpldp/Build/Products/Debug-iphonesimulator/ReactCommon/ReactCommon.framework/Headers/react/nativemodule/core -I/Users/kashif/Library/Developer/Xcode/DerivedData/doctoroncall-autidjmoegkjsqfaaopcibfjpldp/Build/Products/Debug-iphonesimulator/ReactCommon-Samples/ReactCommon_Samples.framework/Headers -I/Users/kashif/Library/Developer/Xcode/DerivedData/doctoroncall-autidjmoegkjsqfaaopcibfjpldp/Build/Products/Debug-iphonesimulator/ReactCommon-Samples/ReactCommon_Samples.framework/Headers/platform/ios -I/Users/kashif/Library/Developer/Xcode/DerivedData/doctoroncall-autidjmoegkjsqfaaopcibfjpldp/Build/Products/Debug-iphonesimulator/React-Fabric/React_Fabric.framework/Headers/react/renderer/components/view/platform/cxx -I/Users/kashif/Library/Developer/Xcode/DerivedData/doctoroncall-autidjmoegkjsqfaaopcibfjpldp/Build/Products/Debug-iphonesimulator/React-NativeModulesApple/React_NativeModulesApple.framework/Headers -I/Users/kashif/Library/Developer/Xcode/DerivedData/doctoroncall-autidjmoegkjsqfaaopcibfjpldp/Build/Products/Debug-iphonesimulator/React-graphics/React_graphics.framework/Headers -I/Users/kashif/Library/Developer/Xcode/DerivedData/doctoroncall-autidjmoegkjsqfaaopcibfjpldp/Build/Products/Debug-iphonesimulator/React-graphics/React_graphics.framework/Headers/react/renderer/graphics/platform/ios -I/Users/kashif/Documents/GitHub/DoctoroncallNew/ios/Pods/Headers/Public -I/Users/kashif/Documents/GitHub/DoctoroncallNew/ios/Pods/Headers/Public/React-callinvoker -I/Users/kashif/Documents/GitHub/DoctoroncallNew/ios/Pods/Headers/Public/React-runtimeexecutor -I/Users/kashif/Documents/GitHub/DoctoroncallNew/ios/Pods/Headers/Public/React-timing -I/Users/kashif/Documents/GitHub/DoctoroncallNew/ios/Pods/Headers/Public/boost -I/Users/kashif/Documents/GitHub/DoctoroncallNew/ios/Pods/Headers/Public/fast_float -I/Users/kashif/Documents/GitHub/DoctoroncallNew/ios/Pods/Headers/Public/hermes-engine -I/Users/kashif/Documents/GitHub/DoctoroncallNew/ios/Pods/hermes-engine/destroot/include -I/Users/kashif/Documents/GitHub/DoctoroncallNew/node_modules/react-native/ReactCommon -I/Users/kashif/Documents/GitHub/DoctoroncallNew/ios/Pods/boost -I/Users/kashif/Documents/GitHub/DoctoroncallNew/ios/Pods/RCT-Folly -I/Users/kashif/Documents/GitHub/DoctoroncallNew/ios/Pods/DoubleConversion -I/Users/kashif/Documents/GitHub/DoctoroncallNew/ios/Pods/fmt/include -I/Users/kashif/Library/Developer/Xcode/DerivedData/doctoroncall-autidjmoegkjsqfaaopcibfjpldp/Build/Products/Debug-iphonesimulator/React-jsinspector/jsinspector_modern.framework/Headers -I/Users/kashif/Library/Developer/Xcode/DerivedData/doctoroncall-autidjmoegkjsqfaaopcibfjpldp/Build/Products/Debug-iphonesimulator/React-jsinspectortracing/jsinspector_moderntracing.framework/Headers -I/Users/kashif/Library/Developer/Xcode/DerivedData/doctoroncall-autidjmoegkjsqfaaopcibfjpldp/Build/Intermediates.noindex/Pods.build/Debug-iphonesimulator/React-hermes.build/DerivedSources-normal/arm64 -I/Users/kashif/Library/Developer/Xcode/DerivedData/doctoroncall-autidjmoegkjsqfaaopcibfjpldp/Build/Intermediates.noindex/Pods.build/Debug-iphonesimulator/React-hermes.build/DerivedSources/arm64 -I/Users/kashif/Library/Developer/Xcode/DerivedData/doctoroncall-autidjmoegkjsqfaaopcibfjpldp/Build/Intermediates.noindex/Pods.build/Debug-iphonesimulator/React-hermes.build/DerivedSources -F/Users/kashif/Library/Developer/Xcode/DerivedData/doctoroncall-autidjmoegkjsqfaaopcibfjpldp/Build/Products/Debug-iphonesimulator/React-hermes -F/Users/kashif/Library/Developer/Xcode/DerivedData/doctoroncall-autidjmoegkjsqfaaopcibfjpldp/Build/Products/Debug-iphonesimulator/DoubleConversion -F/Users/kashif/Library/Developer/Xcode/DerivedData/doctoroncall-autidjmoegkjsqfaaopcibfjpldp/Build/Products/Debug-iphonesimulator/RCT-Folly -F/Users/kashif/Library/Developer/Xcode/DerivedData/doctoroncall-autidjmoegkjsqfaaopcibfjpldp/Build/Products/Debug-iphonesimulator/React-cxxreact -F/Users/kashif/Library/Developer/Xcode/DerivedData/doctoroncall-autidjmoegkjsqfaaopcibfjpldp/Build/Products/Debug-iphonesimulator/React-debug -F/Users/kashif/Library/Developer/Xcode/DerivedData/doctoroncall-autidjmoegkjsqfaaopcibfjpldp/Build/Products/Debug-iphonesimulator/React-featureflags -F/Users/kashif/Library/Developer/Xcode/DerivedData/doctoroncall-autidjmoegkjsqfaaopcibfjpldp/Build/Products/Debug-iphonesimulator/React-jsi -F/Users/kashif/Library/Developer/Xcode/DerivedData/doctoroncall-autidjmoegkjsqfaaopcibfjpldp/Build/Products/Debug-iphonesimulator/React-jsiexecutor -F/Users/kashif/Library/Developer/Xcode/DerivedData/doctoroncall-autidjmoegkjsqfaaopcibfjpldp/Build/Products/Debug-iphonesimulator/React-jsinspector -F/Users/kashif/Library/Developer/Xcode/DerivedData/doctoroncall-autidjmoegkjsqfaaopcibfjpldp/Build/Products/Debug-iphonesimulator/React-jsinspectortracing -F/Users/kashif/Library/Developer/Xcode/DerivedData/doctoroncall-autidjmoegkjsqfaaopcibfjpldp/Build/Products/Debug-iphonesimulator/React-logger -F/Users/kashif/Library/Developer/Xcode/DerivedData/doctoroncall-autidjmoegkjsqfaaopcibfjpldp/Build/Products/Debug-iphonesimulator/React-oscompat -F/Users/kashif/Library/Developer/Xcode/DerivedData/doctoroncall-autidjmoegkjsqfaaopcibfjpldp/Build/Products/Debug-iphonesimulator/React-perflogger -F/Users/kashif/Library/Developer/Xcode/DerivedData/doctoroncall-autidjmoegkjsqfaaopcibfjpldp/Build/Products/Debug-iphonesimulator/fmt -F/Users/kashif/Library/Developer/Xcode/DerivedData/doctoroncall-autidjmoegkjsqfaaopcibfjpldp/Build/Products/Debug-iphonesimulator/glog -F/Users/kashif/Documents/GitHub/DoctoroncallNew/ios/Pods/hermes-engine/destroot/Library/Frameworks/universal -F/Users/kashif/Library/Developer/Xcode/DerivedData/doctoroncall-autidjmoegkjsqfaaopcibfjpldp/Build/Products/Debug-iphonesimulator/XCFrameworkIntermediates/hermes-engine/Pre-built

WriteAuxiliaryFile /Users/kashif/Library/Developer/Xcode/DerivedData/doctoroncall-autidjmoegkjsqfaaopcibfjpldp/Build/Intermediates.noindex/Pods.build/Debug-iphonesimulator/React-hermes.build/DerivedSources/reacthermes_vers.c (in target 'React-hermes' from project 'Pods')
    cd /Users/kashif/Documents/GitHub/DoctoroncallNew/ios/Pods
    write-file /Users/kashif/Library/Developer/Xcode/DerivedData/doctoroncall-autidjmoegkjsqfaaopcibfjpldp/Build/Intermediates.noindex/Pods.build/Debug-iphonesimulator/React-hermes.build/DerivedSources/reacthermes_vers.c

CpHeader /Users/kashif/Library/Developer/Xcode/DerivedData/doctoroncall-autidjmoegkjsqfaaopcibfjpldp/Build/Products/Debug-iphonesimulator/React-hermes/reacthermes.framework/Headers/HermesExecutorFactory.h /Users/kashif/Documents/GitHub/DoctoroncallNew/node_modules/react-native/ReactCommon/hermes/executor/HermesExecutorFactory.h (in target 'React-hermes' from project 'Pods')
    cd /Users/kashif/Documents/GitHub/DoctoroncallNew/ios/Pods
    builtin-copy -exclude .DS_Store -exclude CVS -exclude .svn -exclude .git -exclude .hg -resolve-src-symlinks /Users/kashif/Documents/GitHub/DoctoroncallNew/node_modules/react-native/ReactCommon/hermes/executor/HermesExecutorFactory.h /Users/kashif/Library/Developer/Xcode/DerivedData/doctoroncall-autidjmoegkjsqfaaopcibfjpldp/Build/Products/Debug-iphonesimulator/React-hermes/reacthermes.framework/Headers

Copy /Users/kashif/Library/Developer/Xcode/DerivedData/doctoroncall-autidjmoegkjsqfaaopcibfjpldp/Build/Intermediates.noindex/Pods.build/Debug-iphonesimulator/React-hermes.build/module.modulemap /Users/kashif/Documents/GitHub/DoctoroncallNew/ios/Pods/Target\ Support\ Files/React-hermes/React-hermes.modulemap (in target 'React-hermes' from project 'Pods')
    cd /Users/kashif/Documents/GitHub/DoctoroncallNew/ios/Pods
    builtin-copy -exclude .DS_Store -exclude CVS -exclude .svn -exclude .git -exclude .hg -resolve-src-symlinks -rename /Users/kashif/Documents/GitHub/DoctoroncallNew/ios/Pods/Target\ Support\ Files/React-hermes/React-hermes.modulemap /Users/kashif/Library/Developer/Xcode/DerivedData/doctoroncall-autidjmoegkjsqfaaopcibfjpldp/Build/Intermediates.noindex/Pods.build/Debug-iphonesimulator/React-hermes.build/module.modulemap

CpHeader /Users/kashif/Library/Developer/Xcode/DerivedData/doctoroncall-autidjmoegkjsqfaaopcibfjpldp/Build/Products/Debug-iphonesimulator/React-hermes/reacthermes.framework/Headers/React-hermes-umbrella.h /Users/kashif/Documents/GitHub/DoctoroncallNew/ios/Pods/Target\ Support\ Files/React-hermes/React-hermes-umbrella.h (in target 'React-hermes' from project 'Pods')
    cd /Users/kashif/Documents/GitHub/DoctoroncallNew/ios/Pods
    builtin-copy -exclude .DS_Store -exclude CVS -exclude .svn -exclude .git -exclude .hg -resolve-src-symlinks /Users/kashif/Documents/GitHub/DoctoroncallNew/ios/Pods/Target\ Support\ Files/React-hermes/React-hermes-umbrella.h /Users/kashif/Library/Developer/Xcode/DerivedData/doctoroncall-autidjmoegkjsqfaaopcibfjpldp/Build/Products/Debug-iphonesimulator/React-hermes/reacthermes.framework/Headers

WriteAuxiliaryFile /Users/kashif/Library/Developer/Xcode/DerivedData/doctoroncall-autidjmoegkjsqfaaopcibfjpldp/Build/Intermediates.noindex/Pods.build/Debug-iphonesimulator/React-graphics.build/React_graphics.DependencyStaticMetadataFileList (in target 'React-graphics' from project 'Pods')
    cd /Users/kashif/Documents/GitHub/DoctoroncallNew/ios/Pods
    write-file /Users/kashif/Library/Developer/Xcode/DerivedData/doctoroncall-autidjmoegkjsqfaaopcibfjpldp/Build/Intermediates.noindex/Pods.build/Debug-iphonesimulator/React-graphics.build/React_graphics.DependencyStaticMetadataFileList

WriteAuxiliaryFile /Users/kashif/Library/Developer/Xcode/DerivedData/doctoroncall-autidjmoegkjsqfaaopcibfjpldp/Build/Intermediates.noindex/Pods.build/Debug-iphonesimulator/React-graphics.build/Script-46EB2E00040300.sh (in target 'React-graphics' from project 'Pods')
    cd /Users/kashif/Documents/GitHub/DoctoroncallNew/ios/Pods
    write-file /Users/kashif/Library/Developer/Xcode/DerivedData/doctoroncall-autidjmoegkjsqfaaopcibfjpldp/Build/Intermediates.noindex/Pods.build/Debug-iphonesimulator/React-graphics.build/Script-46EB2E00040300.sh

WriteAuxiliaryFile /Users/kashif/Library/Developer/Xcode/DerivedData/doctoroncall-autidjmoegkjsqfaaopcibfjpldp/Build/Intermediates.noindex/Pods.build/Debug-iphonesimulator/React-graphics.build/React_graphics.DependencyMetadataFileList (in target 'React-graphics' from project 'Pods')
    cd /Users/kashif/Documents/GitHub/DoctoroncallNew/ios/Pods
    write-file /Users/kashif/Library/Developer/Xcode/DerivedData/doctoroncall-autidjmoegkjsqfaaopcibfjpldp/Build/Intermediates.noindex/Pods.build/Debug-iphonesimulator/React-graphics.build/React_graphics.DependencyMetadataFileList

WriteAuxiliaryFile /Users/kashif/Library/Developer/Xcode/DerivedData/doctoroncall-autidjmoegkjsqfaaopcibfjpldp/Build/Intermediates.noindex/Pods.build/Debug-iphonesimulator/React-graphics.build/Objects-normal/arm64/af3fcb34312c57c0f52879cdce924b91-common-args.resp (in target 'React-graphics' from project 'Pods')
    cd /Users/kashif/Documents/GitHub/DoctoroncallNew/ios/Pods
    write-file /Users/kashif/Library/Developer/Xcode/DerivedData/doctoroncall-autidjmoegkjsqfaaopcibfjpldp/Build/Intermediates.noindex/Pods.build/Debug-iphonesimulator/React-graphics.build/Objects-normal/arm64/af3fcb34312c57c0f52879cdce924b91-common-args.resp
-target arm64-apple-ios15.1-simulator '-std=c++20' '-stdlib=libc++' -fobjc-arc -fmodules -fno-cxx-modules -gmodules '-fmodules-cache-path=/Users/kashif/Library/Developer/Xcode/DerivedData/ModuleCache.noindex' '-fmodule-name=React_graphics' '-D_LIBCPP_HARDENING_MODE=_LIBCPP_HARDENING_MODE_DEBUG' -fpascal-strings -O0 -fno-common '-DPOD_CONFIGURATION_DEBUG=1' '-DDEBUG=1' '-DCOCOAPODS=1' '-DOBJC_OLD_DISPATCH_PROTOTYPES=0' -isysroot /Applications/Xcode.app/Contents/Developer/Platforms/iPhoneSimulator.platform/Developer/SDKs/iPhoneSimulator26.2.sdk -g -fvisibility-inlines-hidden '-fobjc-abi-version=2' -fobjc-legacy-dispatch -I/Users/kashif/Library/Developer/Xcode/DerivedData/doctoroncall-autidjmoegkjsqfaaopcibfjpldp/Build/Products/Debug-iphonesimulator/React-graphics/include -I/Users/kashif/Library/Developer/Xcode/DerivedData/doctoroncall-autidjmoegkjsqfaaopcibfjpldp/Build/Products/Debug-iphonesimulator/ReactCommon/ReactCommon.framework/Headers -I/Users/kashif/Library/Developer/Xcode/DerivedData/doctoroncall-autidjmoegkjsqfaaopcibfjpldp/Build/Products/Debug-iphonesimulator/ReactCommon/ReactCommon.framework/Headers/react/nativemodule/core -I/Users/kashif/Library/Developer/Xcode/DerivedData/doctoroncall-autidjmoegkjsqfaaopcibfjpldp/Build/Products/Debug-iphonesimulator/ReactCommon-Samples/ReactCommon_Samples.framework/Headers -I/Users/kashif/Library/Developer/Xcode/DerivedData/doctoroncall-autidjmoegkjsqfaaopcibfjpldp/Build/Products/Debug-iphonesimulator/ReactCommon-Samples/ReactCommon_Samples.framework/Headers/platform/ios -I/Users/kashif/Library/Developer/Xcode/DerivedData/doctoroncall-autidjmoegkjsqfaaopcibfjpldp/Build/Products/Debug-iphonesimulator/React-Fabric/React_Fabric.framework/Headers/react/renderer/components/view/platform/cxx -I/Users/kashif/Library/Developer/Xcode/DerivedData/doctoroncall-autidjmoegkjsqfaaopcibfjpldp/Build/Products/Debug-iphonesimulator/React-NativeModulesApple/React_NativeModulesApple.framework/Headers -I/Users/kashif/Library/Developer/Xcode/DerivedData/doctoroncall-autidjmoegkjsqfaaopcibfjpldp/Build/Products/Debug-iphonesimulator/React-graphics/React_graphics.framework/Headers -I/Users/kashif/Library/Developer/Xcode/DerivedData/doctoroncall-autidjmoegkjsqfaaopcibfjpldp/Build/Products/Debug-iphonesimulator/React-graphics/React_graphics.framework/Headers/react/renderer/graphics/platform/ios -I/Users/kashif/Documents/GitHub/DoctoroncallNew/ios/Pods/Headers/Public -I/Users/kashif/Documents/GitHub/DoctoroncallNew/ios/Pods/Headers/Public/React-callinvoker -I/Users/kashif/Documents/GitHub/DoctoroncallNew/ios/Pods/Headers/Public/React-runtimeexecutor -I/Users/kashif/Documents/GitHub/DoctoroncallNew/ios/Pods/Headers/Public/React-timing -I/Users/kashif/Documents/GitHub/DoctoroncallNew/ios/Pods/Headers/Public/boost -I/Users/kashif/Documents/GitHub/DoctoroncallNew/ios/Pods/Headers/Public/fast_float -I/Users/kashif/Documents/GitHub/DoctoroncallNew/ios/Pods/Headers/Public/hermes-engine -I/Users/kashif/Documents/GitHub/DoctoroncallNew/ios/Pods/boost -I/Users/kashif/Documents/GitHub/DoctoroncallNew/node_modules/react-native/ReactCommon -I/Users/kashif/Documents/GitHub/DoctoroncallNew/ios/Pods/RCT-Folly -I/Users/kashif/Documents/GitHub/DoctoroncallNew/ios/Pods/DoubleConversion -I/Users/kashif/Documents/GitHub/DoctoroncallNew/ios/Pods/fast_float/include -I/Users/kashif/Documents/GitHub/DoctoroncallNew/ios/Pods/fmt/include -I/Users/kashif/Documents/GitHub/DoctoroncallNew/node_modules/react-native/ReactCommon/react/renderer/graphics/platform/ios -I/Users/kashif/Library/Developer/Xcode/DerivedData/doctoroncall-autidjmoegkjsqfaaopcibfjpldp/Build/Intermediates.noindex/Pods.build/Debug-iphonesimulator/React-graphics.build/DerivedSources-normal/arm64 -I/Users/kashif/Library/Developer/Xcode/DerivedData/doctoroncall-autidjmoegkjsqfaaopcibfjpldp/Build/Intermediates.noindex/Pods.build/Debug-iphonesimulator/React-graphics.build/DerivedSources/arm64 -I/Users/kashif/Library/Developer/Xcode/DerivedData/doctoroncall-autidjmoegkjsqfaaopcibfjpldp/Build/Intermediates.noindex/Pods.build/Debug-iphonesimulator/React-graphics.build/DerivedSources -F/Users/kashif/Library/Developer/Xcode/DerivedData/doctoroncall-autidjmoegkjsqfaaopcibfjpldp/Build/Products/Debug-iphonesimulator/React-graphics -F/Users/kashif/Library/Developer/Xcode/DerivedData/doctoroncall-autidjmoegkjsqfaaopcibfjpldp/Build/Products/Debug-iphonesimulator/DoubleConversion -F/Users/kashif/Library/Developer/Xcode/DerivedData/doctoroncall-autidjmoegkjsqfaaopcibfjpldp/Build/Products/Debug-iphonesimulator/RCT-Folly -F/Users/kashif/Library/Developer/Xcode/DerivedData/doctoroncall-autidjmoegkjsqfaaopcibfjpldp/Build/Products/Debug-iphonesimulator/React-cxxreact -F/Users/kashif/Library/Developer/Xcode/DerivedData/doctoroncall-autidjmoegkjsqfaaopcibfjpldp/Build/Products/Debug-iphonesimulator/React-debug -F/Users/kashif/Library/Developer/Xcode/DerivedData/doctoroncall-autidjmoegkjsqfaaopcibfjpldp/Build/Products/Debug-iphonesimulator/React-featureflags -F/Users/kashif/Library/Developer/Xcode/DerivedData/doctoroncall-autidjmoegkjsqfaaopcibfjpldp/Build/Products/Debug-iphonesimulator/React-hermes -F/Users/kashif/Library/Developer/Xcode/DerivedData/doctoroncall-autidjmoegkjsqfaaopcibfjpldp/Build/Products/Debug-iphonesimulator/React-jsi -F/Users/kashif/Library/Developer/Xcode/DerivedData/doctoroncall-autidjmoegkjsqfaaopcibfjpldp/Build/Products/Debug-iphonesimulator/React-jsiexecutor -F/Users/kashif/Library/Developer/Xcode/DerivedData/doctoroncall-autidjmoegkjsqfaaopcibfjpldp/Build/Products/Debug-iphonesimulator/React-jsinspector -F/Users/kashif/Library/Developer/Xcode/DerivedData/doctoroncall-autidjmoegkjsqfaaopcibfjpldp/Build/Products/Debug-iphonesimulator/React-jsinspectortracing -F/Users/kashif/Library/Developer/Xcode/DerivedData/doctoroncall-autidjmoegkjsqfaaopcibfjpldp/Build/Products/Debug-iphonesimulator/React-logger -F/Users/kashif/Library/Developer/Xcode/DerivedData/doctoroncall-autidjmoegkjsqfaaopcibfjpldp/Build/Products/Debug-iphonesimulator/React-oscompat -F/Users/kashif/Library/Developer/Xcode/DerivedData/doctoroncall-autidjmoegkjsqfaaopcibfjpldp/Build/Products/Debug-iphonesimulator/React-perflogger -F/Users/kashif/Library/Developer/Xcode/DerivedData/doctoroncall-autidjmoegkjsqfaaopcibfjpldp/Build/Products/Debug-iphonesimulator/React-utils -F/Users/kashif/Library/Developer/Xcode/DerivedData/doctoroncall-autidjmoegkjsqfaaopcibfjpldp/Build/Products/Debug-iphonesimulator/fmt -F/Users/kashif/Library/Developer/Xcode/DerivedData/doctoroncall-autidjmoegkjsqfaaopcibfjpldp/Build/Products/Debug-iphonesimulator/glog -F/Users/kashif/Documents/GitHub/DoctoroncallNew/ios/Pods/hermes-engine/destroot/Library/Frameworks/universal -F/Users/kashif/Library/Developer/Xcode/DerivedData/doctoroncall-autidjmoegkjsqfaaopcibfjpldp/Build/Products/Debug-iphonesimulator/XCFrameworkIntermediates/hermes-engine/Pre-built

WriteAuxiliaryFile /Users/kashif/Library/Developer/Xcode/DerivedData/doctoroncall-autidjmoegkjsqfaaopcibfjpldp/Build/Intermediates.noindex/Pods.build/Debug-iphonesimulator/React-graphics.build/Objects-normal/arm64/e6072d4f65d7061329687fe24e3d63a7-common-args.resp (in target 'React-graphics' from project 'Pods')
    cd /Users/kashif/Documents/GitHub/DoctoroncallNew/ios/Pods
    write-file /Users/kashif/Library/Developer/Xcode/DerivedData/doctoroncall-autidjmoegkjsqfaaopcibfjpldp/Build/Intermediates.noindex/Pods.build/Debug-iphonesimulator/React-graphics.build/Objects-normal/arm64/e6072d4f65d7061329687fe24e3d63a7-common-args.resp
-target arm64-apple-ios15.1-simulator '-std=gnu11' -fobjc-arc -fmodules -gmodules '-fmodules-cache-path=/Users/kashif/Library/Developer/Xcode/DerivedData/ModuleCache.noindex' '-fmodule-name=React_graphics' -fpascal-strings -O0 -fno-common '-DPOD_CONFIGURATION_DEBUG=1' '-DDEBUG=1' '-DCOCOAPODS=1' '-DOBJC_OLD_DISPATCH_PROTOTYPES=0' -isysroot /Applications/Xcode.app/Contents/Developer/Platforms/iPhoneSimulator.platform/Developer/SDKs/iPhoneSimulator26.2.sdk -g '-fobjc-abi-version=2' -fobjc-legacy-dispatch -I/Users/kashif/Library/Developer/Xcode/DerivedData/doctoroncall-autidjmoegkjsqfaaopcibfjpldp/Build/Products/Debug-iphonesimulator/React-graphics/include -I/Users/kashif/Library/Developer/Xcode/DerivedData/doctoroncall-autidjmoegkjsqfaaopcibfjpldp/Build/Products/Debug-iphonesimulator/ReactCommon/ReactCommon.framework/Headers -I/Users/kashif/Library/Developer/Xcode/DerivedData/doctoroncall-autidjmoegkjsqfaaopcibfjpldp/Build/Products/Debug-iphonesimulator/ReactCommon/ReactCommon.framework/Headers/react/nativemodule/core -I/Users/kashif/Library/Developer/Xcode/DerivedData/doctoroncall-autidjmoegkjsqfaaopcibfjpldp/Build/Products/Debug-iphonesimulator/ReactCommon-Samples/ReactCommon_Samples.framework/Headers -I/Users/kashif/Library/Developer/Xcode/DerivedData/doctoroncall-autidjmoegkjsqfaaopcibfjpldp/Build/Products/Debug-iphonesimulator/ReactCommon-Samples/ReactCommon_Samples.framework/Headers/platform/ios -I/Users/kashif/Library/Developer/Xcode/DerivedData/doctoroncall-autidjmoegkjsqfaaopcibfjpldp/Build/Products/Debug-iphonesimulator/React-Fabric/React_Fabric.framework/Headers/react/renderer/components/view/platform/cxx -I/Users/kashif/Library/Developer/Xcode/DerivedData/doctoroncall-autidjmoegkjsqfaaopcibfjpldp/Build/Products/Debug-iphonesimulator/React-NativeModulesApple/React_NativeModulesApple.framework/Headers -I/Users/kashif/Library/Developer/Xcode/DerivedData/doctoroncall-autidjmoegkjsqfaaopcibfjpldp/Build/Products/Debug-iphonesimulator/React-graphics/React_graphics.framework/Headers -I/Users/kashif/Library/Developer/Xcode/DerivedData/doctoroncall-autidjmoegkjsqfaaopcibfjpldp/Build/Products/Debug-iphonesimulator/React-graphics/React_graphics.framework/Headers/react/renderer/graphics/platform/ios -I/Users/kashif/Documents/GitHub/DoctoroncallNew/ios/Pods/Headers/Public -I/Users/kashif/Documents/GitHub/DoctoroncallNew/ios/Pods/Headers/Public/React-callinvoker -I/Users/kashif/Documents/GitHub/DoctoroncallNew/ios/Pods/Headers/Public/React-runtimeexecutor -I/Users/kashif/Documents/GitHub/DoctoroncallNew/ios/Pods/Headers/Public/React-timing -I/Users/kashif/Documents/GitHub/DoctoroncallNew/ios/Pods/Headers/Public/boost -I/Users/kashif/Documents/GitHub/DoctoroncallNew/ios/Pods/Headers/Public/fast_float -I/Users/kashif/Documents/GitHub/DoctoroncallNew/ios/Pods/Headers/Public/hermes-engine -I/Users/kashif/Documents/GitHub/DoctoroncallNew/ios/Pods/boost -I/Users/kashif/Documents/GitHub/DoctoroncallNew/node_modules/react-native/ReactCommon -I/Users/kashif/Documents/GitHub/DoctoroncallNew/ios/Pods/RCT-Folly -I/Users/kashif/Documents/GitHub/DoctoroncallNew/ios/Pods/DoubleConversion -I/Users/kashif/Documents/GitHub/DoctoroncallNew/ios/Pods/fast_float/include -I/Users/kashif/Documents/GitHub/DoctoroncallNew/ios/Pods/fmt/include -I/Users/kashif/Documents/GitHub/DoctoroncallNew/node_modules/react-native/ReactCommon/react/renderer/graphics/platform/ios -I/Users/kashif/Library/Developer/Xcode/DerivedData/doctoroncall-autidjmoegkjsqfaaopcibfjpldp/Build/Intermediates.noindex/Pods.build/Debug-iphonesimulator/React-graphics.build/DerivedSources-normal/arm64 -I/Users/kashif/Library/Developer/Xcode/DerivedData/doctoroncall-autidjmoegkjsqfaaopcibfjpldp/Build/Intermediates.noindex/Pods.build/Debug-iphonesimulator/React-graphics.build/DerivedSources/arm64 -I/Users/kashif/Library/Developer/Xcode/DerivedData/doctoroncall-autidjmoegkjsqfaaopcibfjpldp/Build/Intermediates.noindex/Pods.build/Debug-iphonesimulator/React-graphics.build/DerivedSources -F/Users/kashif/Library/Developer/Xcode/DerivedData/doctoroncall-autidjmoegkjsqfaaopcibfjpldp/Build/Products/Debug-iphonesimulator/React-graphics -F/Users/kashif/Library/Developer/Xcode/DerivedData/doctoroncall-autidjmoegkjsqfaaopcibfjpldp/Build/Products/Debug-iphonesimulator/DoubleConversion -F/Users/kashif/Library/Developer/Xcode/DerivedData/doctoroncall-autidjmoegkjsqfaaopcibfjpldp/Build/Products/Debug-iphonesimulator/RCT-Folly -F/Users/kashif/Library/Developer/Xcode/DerivedData/doctoroncall-autidjmoegkjsqfaaopcibfjpldp/Build/Products/Debug-iphonesimulator/React-cxxreact -F/Users/kashif/Library/Developer/Xcode/DerivedData/doctoroncall-autidjmoegkjsqfaaopcibfjpldp/Build/Products/Debug-iphonesimulator/React-debug -F/Users/kashif/Library/Developer/Xcode/DerivedData/doctoroncall-autidjmoegkjsqfaaopcibfjpldp/Build/Products/Debug-iphonesimulator/React-featureflags -F/Users/kashif/Library/Developer/Xcode/DerivedData/doctoroncall-autidjmoegkjsqfaaopcibfjpldp/Build/Products/Debug-iphonesimulator/React-hermes -F/Users/kashif/Library/Developer/Xcode/DerivedData/doctoroncall-autidjmoegkjsqfaaopcibfjpldp/Build/Products/Debug-iphonesimulator/React-jsi -F/Users/kashif/Library/Developer/Xcode/DerivedData/doctoroncall-autidjmoegkjsqfaaopcibfjpldp/Build/Products/Debug-iphonesimulator/React-jsiexecutor -F/Users/kashif/Library/Developer/Xcode/DerivedData/doctoroncall-autidjmoegkjsqfaaopcibfjpldp/Build/Products/Debug-iphonesimulator/React-jsinspector -F/Users/kashif/Library/Developer/Xcode/DerivedData/doctoroncall-autidjmoegkjsqfaaopcibfjpldp/Build/Products/Debug-iphonesimulator/React-jsinspectortracing -F/Users/kashif/Library/Developer/Xcode/DerivedData/doctoroncall-autidjmoegkjsqfaaopcibfjpldp/Build/Products/Debug-iphonesimulator/React-logger -F/Users/kashif/Library/Developer/Xcode/DerivedData/doctoroncall-autidjmoegkjsqfaaopcibfjpldp/Build/Products/Debug-iphonesimulator/React-oscompat -F/Users/kashif/Library/Developer/Xcode/DerivedData/doctoroncall-autidjmoegkjsqfaaopcibfjpldp/Build/Products/Debug-iphonesimulator/React-perflogger -F/Users/kashif/Library/Developer/Xcode/DerivedData/doctoroncall-autidjmoegkjsqfaaopcibfjpldp/Build/Products/Debug-iphonesimulator/React-utils -F/Users/kashif/Library/Developer/Xcode/DerivedData/doctoroncall-autidjmoegkjsqfaaopcibfjpldp/Build/Products/Debug-iphonesimulator/fmt -F/Users/kashif/Library/Developer/Xcode/DerivedData/doctoroncall-autidjmoegkjsqfaaopcibfjpldp/Build/Products/Debug-iphonesimulator/glog -F/Users/kashif/Documents/GitHub/DoctoroncallNew/ios/Pods/hermes-engine/destroot/Library/Frameworks/universal -F/Users/kashif/Library/Developer/Xcode/DerivedData/doctoroncall-autidjmoegkjsqfaaopcibfjpldp/Build/Products/Debug-iphonesimulator/XCFrameworkIntermediates/hermes-engine/Pre-built

WriteAuxiliaryFile /Users/kashif/Library/Developer/Xcode/DerivedData/doctoroncall-autidjmoegkjsqfaaopcibfjpldp/Build/Intermediates.noindex/Pods.build/Debug-iphonesimulator/React-graphics.build/Objects-normal/arm64/React_graphics.LinkFileList (in target 'React-graphics' from project 'Pods')
    cd /Users/kashif/Documents/GitHub/DoctoroncallNew/ios/Pods
    write-file /Users/kashif/Library/Developer/Xcode/DerivedData/doctoroncall-autidjmoegkjsqfaaopcibfjpldp/Build/Intermediates.noindex/Pods.build/Debug-iphonesimulator/React-graphics.build/Objects-normal/arm64/React_graphics.LinkFileList

WriteAuxiliaryFile /Users/kashif/Library/Developer/Xcode/DerivedData/doctoroncall-autidjmoegkjsqfaaopcibfjpldp/Build/Intermediates.noindex/Pods.build/Debug-iphonesimulator/React-graphics.build/Objects-normal/arm64/82b82416624d2658e5098eb0a28c15c5-common-args.resp (in target 'React-graphics' from project 'Pods')
    cd /Users/kashif/Documents/GitHub/DoctoroncallNew/ios/Pods
    write-file /Users/kashif/Library/Developer/Xcode/DerivedData/doctoroncall-autidjmoegkjsqfaaopcibfjpldp/Build/Intermediates.noindex/Pods.build/Debug-iphonesimulator/React-graphics.build/Objects-normal/arm64/82b82416624d2658e5098eb0a28c15c5-common-args.resp
-target arm64-apple-ios15.1-simulator '-std=c++20' '-stdlib=libc++' -fmodules -fno-cxx-modules -gmodules '-fmodules-cache-path=/Users/kashif/Library/Developer/Xcode/DerivedData/ModuleCache.noindex' '-fmodule-name=React_graphics' '-D_LIBCPP_HARDENING_MODE=_LIBCPP_HARDENING_MODE_DEBUG' -fpascal-strings -O0 -fno-common '-DPOD_CONFIGURATION_DEBUG=1' '-DDEBUG=1' '-DCOCOAPODS=1' -isysroot /Applications/Xcode.app/Contents/Developer/Platforms/iPhoneSimulator.platform/Developer/SDKs/iPhoneSimulator26.2.sdk -g -fvisibility-inlines-hidden -I/Users/kashif/Library/Developer/Xcode/DerivedData/doctoroncall-autidjmoegkjsqfaaopcibfjpldp/Build/Products/Debug-iphonesimulator/React-graphics/include -I/Users/kashif/Library/Developer/Xcode/DerivedData/doctoroncall-autidjmoegkjsqfaaopcibfjpldp/Build/Products/Debug-iphonesimulator/ReactCommon/ReactCommon.framework/Headers -I/Users/kashif/Library/Developer/Xcode/DerivedData/doctoroncall-autidjmoegkjsqfaaopcibfjpldp/Build/Products/Debug-iphonesimulator/ReactCommon/ReactCommon.framework/Headers/react/nativemodule/core -I/Users/kashif/Library/Developer/Xcode/DerivedData/doctoroncall-autidjmoegkjsqfaaopcibfjpldp/Build/Products/Debug-iphonesimulator/ReactCommon-Samples/ReactCommon_Samples.framework/Headers -I/Users/kashif/Library/Developer/Xcode/DerivedData/doctoroncall-autidjmoegkjsqfaaopcibfjpldp/Build/Products/Debug-iphonesimulator/ReactCommon-Samples/ReactCommon_Samples.framework/Headers/platform/ios -I/Users/kashif/Library/Developer/Xcode/DerivedData/doctoroncall-autidjmoegkjsqfaaopcibfjpldp/Build/Products/Debug-iphonesimulator/React-Fabric/React_Fabric.framework/Headers/react/renderer/components/view/platform/cxx -I/Users/kashif/Library/Developer/Xcode/DerivedData/doctoroncall-autidjmoegkjsqfaaopcibfjpldp/Build/Products/Debug-iphonesimulator/React-NativeModulesApple/React_NativeModulesApple.framework/Headers -I/Users/kashif/Library/Developer/Xcode/DerivedData/doctoroncall-autidjmoegkjsqfaaopcibfjpldp/Build/Products/Debug-iphonesimulator/React-graphics/React_graphics.framework/Headers -I/Users/kashif/Library/Developer/Xcode/DerivedData/doctoroncall-autidjmoegkjsqfaaopcibfjpldp/Build/Products/Debug-iphonesimulator/React-graphics/React_graphics.framework/Headers/react/renderer/graphics/platform/ios -I/Users/kashif/Documents/GitHub/DoctoroncallNew/ios/Pods/Headers/Public -I/Users/kashif/Documents/GitHub/DoctoroncallNew/ios/Pods/Headers/Public/React-callinvoker -I/Users/kashif/Documents/GitHub/DoctoroncallNew/ios/Pods/Headers/Public/React-runtimeexecutor -I/Users/kashif/Documents/GitHub/DoctoroncallNew/ios/Pods/Headers/Public/React-timing -I/Users/kashif/Documents/GitHub/DoctoroncallNew/ios/Pods/Headers/Public/boost -I/Users/kashif/Documents/GitHub/DoctoroncallNew/ios/Pods/Headers/Public/fast_float -I/Users/kashif/Documents/GitHub/DoctoroncallNew/ios/Pods/Headers/Public/hermes-engine -I/Users/kashif/Documents/GitHub/DoctoroncallNew/ios/Pods/boost -I/Users/kashif/Documents/GitHub/DoctoroncallNew/node_modules/react-native/ReactCommon -I/Users/kashif/Documents/GitHub/DoctoroncallNew/ios/Pods/RCT-Folly -I/Users/kashif/Documents/GitHub/DoctoroncallNew/ios/Pods/DoubleConversion -I/Users/kashif/Documents/GitHub/DoctoroncallNew/ios/Pods/fast_float/include -I/Users/kashif/Documents/GitHub/DoctoroncallNew/ios/Pods/fmt/include -I/Users/kashif/Documents/GitHub/DoctoroncallNew/node_modules/react-native/ReactCommon/react/renderer/graphics/platform/ios -I/Users/kashif/Library/Developer/Xcode/DerivedData/doctoroncall-autidjmoegkjsqfaaopcibfjpldp/Build/Intermediates.noindex/Pods.build/Debug-iphonesimulator/React-graphics.build/DerivedSources-normal/arm64 -I/Users/kashif/Library/Developer/Xcode/DerivedData/doctoroncall-autidjmoegkjsqfaaopcibfjpldp/Build/Intermediates.noindex/Pods.build/Debug-iphonesimulator/React-graphics.build/DerivedSources/arm64 -I/Users/kashif/Library/Developer/Xcode/DerivedData/doctoroncall-autidjmoegkjsqfaaopcibfjpldp/Build/Intermediates.noindex/Pods.build/Debug-iphonesimulator/React-graphics.build/DerivedSources -F/Users/kashif/Library/Developer/Xcode/DerivedData/doctoroncall-autidjmoegkjsqfaaopcibfjpldp/Build/Products/Debug-iphonesimulator/React-graphics -F/Users/kashif/Library/Developer/Xcode/DerivedData/doctoroncall-autidjmoegkjsqfaaopcibfjpldp/Build/Products/Debug-iphonesimulator/DoubleConversion -F/Users/kashif/Library/Developer/Xcode/DerivedData/doctoroncall-autidjmoegkjsqfaaopcibfjpldp/Build/Products/Debug-iphonesimulator/RCT-Folly -F/Users/kashif/Library/Developer/Xcode/DerivedData/doctoroncall-autidjmoegkjsqfaaopcibfjpldp/Build/Products/Debug-iphonesimulator/React-cxxreact -F/Users/kashif/Library/Developer/Xcode/DerivedData/doctoroncall-autidjmoegkjsqfaaopcibfjpldp/Build/Products/Debug-iphonesimulator/React-debug -F/Users/kashif/Library/Developer/Xcode/DerivedData/doctoroncall-autidjmoegkjsqfaaopcibfjpldp/Build/Products/Debug-iphonesimulator/React-featureflags -F/Users/kashif/Library/Developer/Xcode/DerivedData/doctoroncall-autidjmoegkjsqfaaopcibfjpldp/Build/Products/Debug-iphonesimulator/React-hermes -F/Users/kashif/Library/Developer/Xcode/DerivedData/doctoroncall-autidjmoegkjsqfaaopcibfjpldp/Build/Products/Debug-iphonesimulator/React-jsi -F/Users/kashif/Library/Developer/Xcode/DerivedData/doctoroncall-autidjmoegkjsqfaaopcibfjpldp/Build/Products/Debug-iphonesimulator/React-jsiexecutor -F/Users/kashif/Library/Developer/Xcode/DerivedData/doctoroncall-autidjmoegkjsqfaaopcibfjpldp/Build/Products/Debug-iphonesimulator/React-jsinspector -F/Users/kashif/Library/Developer/Xcode/DerivedData/doctoroncall-autidjmoegkjsqfaaopcibfjpldp/Build/Products/Debug-iphonesimulator/React-jsinspectortracing -F/Users/kashif/Library/Developer/Xcode/DerivedData/doctoroncall-autidjmoegkjsqfaaopcibfjpldp/Build/Products/Debug-iphonesimulator/React-logger -F/Users/kashif/Library/Developer/Xcode/DerivedData/doctoroncall-autidjmoegkjsqfaaopcibfjpldp/Build/Products/Debug-iphonesimulator/React-oscompat -F/Users/kashif/Library/Developer/Xcode/DerivedData/doctoroncall-autidjmoegkjsqfaaopcibfjpldp/Build/Products/Debug-iphonesimulator/React-perflogger -F/Users/kashif/Library/Developer/Xcode/DerivedData/doctoroncall-autidjmoegkjsqfaaopcibfjpldp/Build/Products/Debug-iphonesimulator/React-utils -F/Users/kashif/Library/Developer/Xcode/DerivedData/doctoroncall-autidjmoegkjsqfaaopcibfjpldp/Build/Products/Debug-iphonesimulator/fmt -F/Users/kashif/Library/Developer/Xcode/DerivedData/doctoroncall-autidjmoegkjsqfaaopcibfjpldp/Build/Products/Debug-iphonesimulator/glog -F/Users/kashif/Documents/GitHub/DoctoroncallNew/ios/Pods/hermes-engine/destroot/Library/Frameworks/universal -F/Users/kashif/Library/Developer/Xcode/DerivedData/doctoroncall-autidjmoegkjsqfaaopcibfjpldp/Build/Products/Debug-iphonesimulator/XCFrameworkIntermediates/hermes-engine/Pre-built

Copy /Users/kashif/Library/Developer/Xcode/DerivedData/doctoroncall-autidjmoegkjsqfaaopcibfjpldp/Build/Products/Debug-iphonesimulator/React-hermes/reacthermes.framework/Modules/module.modulemap /Users/kashif/Library/Developer/Xcode/DerivedData/doctoroncall-autidjmoegkjsqfaaopcibfjpldp/Build/Intermediates.noindex/Pods.build/Debug-iphonesimulator/React-hermes.build/module.modulemap (in target 'React-hermes' from project 'Pods')
    cd /Users/kashif/Documents/GitHub/DoctoroncallNew/ios/Pods
    builtin-copy -exclude .DS_Store -exclude CVS -exclude .svn -exclude .git -exclude .hg -resolve-src-symlinks /Users/kashif/Library/Developer/Xcode/DerivedData/doctoroncall-autidjmoegkjsqfaaopcibfjpldp/Build/Intermediates.noindex/Pods.build/Debug-iphonesimulator/React-hermes.build/module.modulemap /Users/kashif/Library/Developer/Xcode/DerivedData/doctoroncall-autidjmoegkjsqfaaopcibfjpldp/Build/Products/Debug-iphonesimulator/React-hermes/reacthermes.framework/Modules

WriteAuxiliaryFile /Users/kashif/Library/Developer/Xcode/DerivedData/doctoroncall-autidjmoegkjsqfaaopcibfjpldp/Build/Intermediates.noindex/Pods.build/Debug-iphonesimulator/React-graphics.build/Objects-normal/arm64/7187679823f38a2a940e0043cdf9d637-common-args.resp (in target 'React-graphics' from project 'Pods')
    cd /Users/kashif/Documents/GitHub/DoctoroncallNew/ios/Pods
    write-file /Users/kashif/Library/Developer/Xcode/DerivedData/doctoroncall-autidjmoegkjsqfaaopcibfjpldp/Build/Intermediates.noindex/Pods.build/Debug-iphonesimulator/React-graphics.build/Objects-normal/arm64/7187679823f38a2a940e0043cdf9d637-common-args.resp
-target arm64-apple-ios15.1-simulator '-std=gnu11' -fmodules -gmodules '-fmodules-cache-path=/Users/kashif/Library/Developer/Xcode/DerivedData/ModuleCache.noindex' '-fmodule-name=React_graphics' -fpascal-strings -O0 -fno-common '-DPOD_CONFIGURATION_DEBUG=1' '-DDEBUG=1' '-DCOCOAPODS=1' -isysroot /Applications/Xcode.app/Contents/Developer/Platforms/iPhoneSimulator.platform/Developer/SDKs/iPhoneSimulator26.2.sdk -g -I/Users/kashif/Library/Developer/Xcode/DerivedData/doctoroncall-autidjmoegkjsqfaaopcibfjpldp/Build/Products/Debug-iphonesimulator/React-graphics/include -I/Users/kashif/Library/Developer/Xcode/DerivedData/doctoroncall-autidjmoegkjsqfaaopcibfjpldp/Build/Products/Debug-iphonesimulator/ReactCommon/ReactCommon.framework/Headers -I/Users/kashif/Library/Developer/Xcode/DerivedData/doctoroncall-autidjmoegkjsqfaaopcibfjpldp/Build/Products/Debug-iphonesimulator/ReactCommon/ReactCommon.framework/Headers/react/nativemodule/core -I/Users/kashif/Library/Developer/Xcode/DerivedData/doctoroncall-autidjmoegkjsqfaaopcibfjpldp/Build/Products/Debug-iphonesimulator/ReactCommon-Samples/ReactCommon_Samples.framework/Headers -I/Users/kashif/Library/Developer/Xcode/DerivedData/doctoroncall-autidjmoegkjsqfaaopcibfjpldp/Build/Products/Debug-iphonesimulator/ReactCommon-Samples/ReactCommon_Samples.framework/Headers/platform/ios -I/Users/kashif/Library/Developer/Xcode/DerivedData/doctoroncall-autidjmoegkjsqfaaopcibfjpldp/Build/Products/Debug-iphonesimulator/React-Fabric/React_Fabric.framework/Headers/react/renderer/components/view/platform/cxx -I/Users/kashif/Library/Developer/Xcode/DerivedData/doctoroncall-autidjmoegkjsqfaaopcibfjpldp/Build/Products/Debug-iphonesimulator/React-NativeModulesApple/React_NativeModulesApple.framework/Headers -I/Users/kashif/Library/Developer/Xcode/DerivedData/doctoroncall-autidjmoegkjsqfaaopcibfjpldp/Build/Products/Debug-iphonesimulator/React-graphics/React_graphics.framework/Headers -I/Users/kashif/Library/Developer/Xcode/DerivedData/doctoroncall-autidjmoegkjsqfaaopcibfjpldp/Build/Products/Debug-iphonesimulator/React-graphics/React_graphics.framework/Headers/react/renderer/graphics/platform/ios -I/Users/kashif/Documents/GitHub/DoctoroncallNew/ios/Pods/Headers/Public -I/Users/kashif/Documents/GitHub/DoctoroncallNew/ios/Pods/Headers/Public/React-callinvoker -I/Users/kashif/Documents/GitHub/DoctoroncallNew/ios/Pods/Headers/Public/React-runtimeexecutor -I/Users/kashif/Documents/GitHub/DoctoroncallNew/ios/Pods/Headers/Public/React-timing -I/Users/kashif/Documents/GitHub/DoctoroncallNew/ios/Pods/Headers/Public/boost -I/Users/kashif/Documents/GitHub/DoctoroncallNew/ios/Pods/Headers/Public/fast_float -I/Users/kashif/Documents/GitHub/DoctoroncallNew/ios/Pods/Headers/Public/hermes-engine -I/Users/kashif/Documents/GitHub/DoctoroncallNew/ios/Pods/boost -I/Users/kashif/Documents/GitHub/DoctoroncallNew/node_modules/react-native/ReactCommon -I/Users/kashif/Documents/GitHub/DoctoroncallNew/ios/Pods/RCT-Folly -I/Users/kashif/Documents/GitHub/DoctoroncallNew/ios/Pods/DoubleConversion -I/Users/kashif/Documents/GitHub/DoctoroncallNew/ios/Pods/fast_float/include -I/Users/kashif/Documents/GitHub/DoctoroncallNew/ios/Pods/fmt/include -I/Users/kashif/Documents/GitHub/DoctoroncallNew/node_modules/react-native/ReactCommon/react/renderer/graphics/platform/ios -I/Users/kashif/Library/Developer/Xcode/DerivedData/doctoroncall-autidjmoegkjsqfaaopcibfjpldp/Build/Intermediates.noindex/Pods.build/Debug-iphonesimulator/React-graphics.build/DerivedSources-normal/arm64 -I/Users/kashif/Library/Developer/Xcode/DerivedData/doctoroncall-autidjmoegkjsqfaaopcibfjpldp/Build/Intermediates.noindex/Pods.build/Debug-iphonesimulator/React-graphics.build/DerivedSources/arm64 -I/Users/kashif/Library/Developer/Xcode/DerivedData/doctoroncall-autidjmoegkjsqfaaopcibfjpldp/Build/Intermediates.noindex/Pods.build/Debug-iphonesimulator/React-graphics.build/DerivedSources -F/Users/kashif/Library/Developer/Xcode/DerivedData/doctoroncall-autidjmoegkjsqfaaopcibfjpldp/Build/Products/Debug-iphonesimulator/React-graphics -F/Users/kashif/Library/Developer/Xcode/DerivedData/doctoroncall-autidjmoegkjsqfaaopcibfjpldp/Build/Products/Debug-iphonesimulator/DoubleConversion -F/Users/kashif/Library/Developer/Xcode/DerivedData/doctoroncall-autidjmoegkjsqfaaopcibfjpldp/Build/Products/Debug-iphonesimulator/RCT-Folly -F/Users/kashif/Library/Developer/Xcode/DerivedData/doctoroncall-autidjmoegkjsqfaaopcibfjpldp/Build/Products/Debug-iphonesimulator/React-cxxreact -F/Users/kashif/Library/Developer/Xcode/DerivedData/doctoroncall-autidjmoegkjsqfaaopcibfjpldp/Build/Products/Debug-iphonesimulator/React-debug -F/Users/kashif/Library/Developer/Xcode/DerivedData/doctoroncall-autidjmoegkjsqfaaopcibfjpldp/Build/Products/Debug-iphonesimulator/React-featureflags -F/Users/kashif/Library/Developer/Xcode/DerivedData/doctoroncall-autidjmoegkjsqfaaopcibfjpldp/Build/Products/Debug-iphonesimulator/React-hermes -F/Users/kashif/Library/Developer/Xcode/DerivedData/doctoroncall-autidjmoegkjsqfaaopcibfjpldp/Build/Products/Debug-iphonesimulator/React-jsi -F/Users/kashif/Library/Developer/Xcode/DerivedData/doctoroncall-autidjmoegkjsqfaaopcibfjpldp/Build/Products/Debug-iphonesimulator/React-jsiexecutor -F/Users/kashif/Library/Developer/Xcode/DerivedData/doctoroncall-autidjmoegkjsqfaaopcibfjpldp/Build/Products/Debug-iphonesimulator/React-jsinspector -F/Users/kashif/Library/Developer/Xcode/DerivedData/doctoroncall-autidjmoegkjsqfaaopcibfjpldp/Build/Products/Debug-iphonesimulator/React-jsinspectortracing -F/Users/kashif/Library/Developer/Xcode/DerivedData/doctoroncall-autidjmoegkjsqfaaopcibfjpldp/Build/Products/Debug-iphonesimulator/React-logger -F/Users/kashif/Library/Developer/Xcode/DerivedData/doctoroncall-autidjmoegkjsqfaaopcibfjpldp/Build/Products/Debug-iphonesimulator/React-oscompat -F/Users/kashif/Library/Developer/Xcode/DerivedData/doctoroncall-autidjmoegkjsqfaaopcibfjpldp/Build/Products/Debug-iphonesimulator/React-perflogger -F/Users/kashif/Library/Developer/Xcode/DerivedData/doctoroncall-autidjmoegkjsqfaaopcibfjpldp/Build/Products/Debug-iphonesimulator/React-utils -F/Users/kashif/Library/Developer/Xcode/DerivedData/doctoroncall-autidjmoegkjsqfaaopcibfjpldp/Build/Products/Debug-iphonesimulator/fmt -F/Users/kashif/Library/Developer/Xcode/DerivedData/doctoroncall-autidjmoegkjsqfaaopcibfjpldp/Build/Products/Debug-iphonesimulator/glog -F/Users/kashif/Documents/GitHub/DoctoroncallNew/ios/Pods/hermes-engine/destroot/Library/Frameworks/universal -F/Users/kashif/Library/Developer/Xcode/DerivedData/doctoroncall-autidjmoegkjsqfaaopcibfjpldp/Build/Products/Debug-iphonesimulator/XCFrameworkIntermediates/hermes-engine/Pre-built

Copy /Users/kashif/Library/Developer/Xcode/DerivedData/doctoroncall-autidjmoegkjsqfaaopcibfjpldp/Build/Intermediates.noindex/Pods.build/Debug-iphonesimulator/React-graphics.build/module.modulemap /Users/kashif/Documents/GitHub/DoctoroncallNew/ios/Pods/Target\ Support\ Files/React-graphics/React-graphics.modulemap (in target 'React-graphics' from project 'Pods')
    cd /Users/kashif/Documents/GitHub/DoctoroncallNew/ios/Pods
    builtin-copy -exclude .DS_Store -exclude CVS -exclude .svn -exclude .git -exclude .hg -resolve-src-symlinks -rename /Users/kashif/Documents/GitHub/DoctoroncallNew/ios/Pods/Target\ Support\ Files/React-graphics/React-graphics.modulemap /Users/kashif/Library/Developer/Xcode/DerivedData/doctoroncall-autidjmoegkjsqfaaopcibfjpldp/Build/Intermediates.noindex/Pods.build/Debug-iphonesimulator/React-graphics.build/module.modulemap

WriteAuxiliaryFile /Users/kashif/Library/Developer/Xcode/DerivedData/doctoroncall-autidjmoegkjsqfaaopcibfjpldp/Build/Intermediates.noindex/Pods.build/Debug-iphonesimulator/React-graphics.build/DerivedSources/React_graphics_vers.c (in target 'React-graphics' from project 'Pods')
    cd /Users/kashif/Documents/GitHub/DoctoroncallNew/ios/Pods
    write-file /Users/kashif/Library/Developer/Xcode/DerivedData/doctoroncall-autidjmoegkjsqfaaopcibfjpldp/Build/Intermediates.noindex/Pods.build/Debug-iphonesimulator/React-graphics.build/DerivedSources/React_graphics_vers.c

CpHeader /Users/kashif/Library/Developer/Xcode/DerivedData/doctoroncall-autidjmoegkjsqfaaopcibfjpldp/Build/Products/Debug-iphonesimulator/React-graphics/React_graphics.framework/Headers/React-graphics-umbrella.h /Users/kashif/Documents/GitHub/DoctoroncallNew/ios/Pods/Target\ Support\ Files/React-graphics/React-graphics-umbrella.h (in target 'React-graphics' from project 'Pods')
    cd /Users/kashif/Documents/GitHub/DoctoroncallNew/ios/Pods
    builtin-copy -exclude .DS_Store -exclude CVS -exclude .svn -exclude .git -exclude .hg -resolve-src-symlinks /Users/kashif/Documents/GitHub/DoctoroncallNew/ios/Pods/Target\ Support\ Files/React-graphics/React-graphics-umbrella.h /Users/kashif/Library/Developer/Xcode/DerivedData/doctoroncall-autidjmoegkjsqfaaopcibfjpldp/Build/Products/Debug-iphonesimulator/React-graphics/React_graphics.framework/Headers

WriteAuxiliaryFile /Users/kashif/Library/Developer/Xcode/DerivedData/doctoroncall-autidjmoegkjsqfaaopcibfjpldp/Build/Intermediates.noindex/Pods.build/Debug-iphonesimulator/React-featureflagsnativemodule.build/Script-46EB2E0003FE30.sh (in target 'React-featureflagsnativemodule' from project 'Pods')
    cd /Users/kashif/Documents/GitHub/DoctoroncallNew/ios/Pods
    write-file /Users/kashif/Library/Developer/Xcode/DerivedData/doctoroncall-autidjmoegkjsqfaaopcibfjpldp/Build/Intermediates.noindex/Pods.build/Debug-iphonesimulator/React-featureflagsnativemodule.build/Script-46EB2E0003FE30.sh

WriteAuxiliaryFile /Users/kashif/Library/Developer/Xcode/DerivedData/doctoroncall-autidjmoegkjsqfaaopcibfjpldp/Build/Intermediates.noindex/Pods.build/Debug-iphonesimulator/React-featureflagsnativemodule.build/React_featureflagsnativemodule.hmap (in target 'React-featureflagsnativemodule' from project 'Pods')
    cd /Users/kashif/Documents/GitHub/DoctoroncallNew/ios/Pods
    write-file /Users/kashif/Library/Developer/Xcode/DerivedData/doctoroncall-autidjmoegkjsqfaaopcibfjpldp/Build/Intermediates.noindex/Pods.build/Debug-iphonesimulator/React-featureflagsnativemodule.build/React_featureflagsnativemodule.hmap

WriteAuxiliaryFile /Users/kashif/Library/Developer/Xcode/DerivedData/doctoroncall-autidjmoegkjsqfaaopcibfjpldp/Build/Intermediates.noindex/Pods.build/Debug-iphonesimulator/React-featureflagsnativemodule.build/React_featureflagsnativemodule.DependencyStaticMetadataFileList (in target 'React-featureflagsnativemodule' from project 'Pods')
    cd /Users/kashif/Documents/GitHub/DoctoroncallNew/ios/Pods
    write-file /Users/kashif/Library/Developer/Xcode/DerivedData/doctoroncall-autidjmoegkjsqfaaopcibfjpldp/Build/Intermediates.noindex/Pods.build/Debug-iphonesimulator/React-featureflagsnativemodule.build/React_featureflagsnativemodule.DependencyStaticMetadataFileList

WriteAuxiliaryFile /Users/kashif/Library/Developer/Xcode/DerivedData/doctoroncall-autidjmoegkjsqfaaopcibfjpldp/Build/Intermediates.noindex/Pods.build/Debug-iphonesimulator/React-featureflagsnativemodule.build/React_featureflagsnativemodule.DependencyMetadataFileList (in target 'React-featureflagsnativemodule' from project 'Pods')
    cd /Users/kashif/Documents/GitHub/DoctoroncallNew/ios/Pods
    write-file /Users/kashif/Library/Developer/Xcode/DerivedData/doctoroncall-autidjmoegkjsqfaaopcibfjpldp/Build/Intermediates.noindex/Pods.build/Debug-iphonesimulator/React-featureflagsnativemodule.build/React_featureflagsnativemodule.DependencyMetadataFileList

WriteAuxiliaryFile /Users/kashif/Library/Developer/Xcode/DerivedData/doctoroncall-autidjmoegkjsqfaaopcibfjpldp/Build/Intermediates.noindex/Pods.build/Debug-iphonesimulator/React-featureflagsnativemodule.build/React_featureflagsnativemodule-project-headers.hmap (in target 'React-featureflagsnativemodule' from project 'Pods')
    cd /Users/kashif/Documents/GitHub/DoctoroncallNew/ios/Pods
    write-file /Users/kashif/Library/Developer/Xcode/DerivedData/doctoroncall-autidjmoegkjsqfaaopcibfjpldp/Build/Intermediates.noindex/Pods.build/Debug-iphonesimulator/React-featureflagsnativemodule.build/React_featureflagsnativemodule-project-headers.hmap

WriteAuxiliaryFile /Users/kashif/Library/Developer/Xcode/DerivedData/doctoroncall-autidjmoegkjsqfaaopcibfjpldp/Build/Intermediates.noindex/Pods.build/Debug-iphonesimulator/React-featureflagsnativemodule.build/React_featureflagsnativemodule-own-target-headers.hmap (in target 'React-featureflagsnativemodule' from project 'Pods')
    cd /Users/kashif/Documents/GitHub/DoctoroncallNew/ios/Pods
    write-file /Users/kashif/Library/Developer/Xcode/DerivedData/doctoroncall-autidjmoegkjsqfaaopcibfjpldp/Build/Intermediates.noindex/Pods.build/Debug-iphonesimulator/React-featureflagsnativemodule.build/React_featureflagsnativemodule-own-target-headers.hmap

WriteAuxiliaryFile /Users/kashif/Library/Developer/Xcode/DerivedData/doctoroncall-autidjmoegkjsqfaaopcibfjpldp/Build/Intermediates.noindex/Pods.build/Debug-iphonesimulator/React-featureflagsnativemodule.build/React_featureflagsnativemodule-generated-files.hmap (in target 'React-featureflagsnativemodule' from project 'Pods')
    cd /Users/kashif/Documents/GitHub/DoctoroncallNew/ios/Pods
    write-file /Users/kashif/Library/Developer/Xcode/DerivedData/doctoroncall-autidjmoegkjsqfaaopcibfjpldp/Build/Intermediates.noindex/Pods.build/Debug-iphonesimulator/React-featureflagsnativemodule.build/React_featureflagsnativemodule-generated-files.hmap

Copy /Users/kashif/Library/Developer/Xcode/DerivedData/doctoroncall-autidjmoegkjsqfaaopcibfjpldp/Build/Products/Debug-iphonesimulator/React-graphics/React_graphics.framework/Modules/module.modulemap /Users/kashif/Library/Developer/Xcode/DerivedData/doctoroncall-autidjmoegkjsqfaaopcibfjpldp/Build/Intermediates.noindex/Pods.build/Debug-iphonesimulator/React-graphics.build/module.modulemap (in target 'React-graphics' from project 'Pods')
    cd /Users/kashif/Documents/GitHub/DoctoroncallNew/ios/Pods
    builtin-copy -exclude .DS_Store -exclude CVS -exclude .svn -exclude .git -exclude .hg -resolve-src-symlinks /Users/kashif/Library/Developer/Xcode/DerivedData/doctoroncall-autidjmoegkjsqfaaopcibfjpldp/Build/Intermediates.noindex/Pods.build/Debug-iphonesimulator/React-graphics.build/module.modulemap /Users/kashif/Library/Developer/Xcode/DerivedData/doctoroncall-autidjmoegkjsqfaaopcibfjpldp/Build/Products/Debug-iphonesimulator/React-graphics/React_graphics.framework/Modules

WriteAuxiliaryFile /Users/kashif/Library/Developer/Xcode/DerivedData/doctoroncall-autidjmoegkjsqfaaopcibfjpldp/Build/Intermediates.noindex/Pods.build/Debug-iphonesimulator/React-featureflagsnativemodule.build/React_featureflagsnativemodule-all-target-headers.hmap (in target 'React-featureflagsnativemodule' from project 'Pods')
    cd /Users/kashif/Documents/GitHub/DoctoroncallNew/ios/Pods
    write-file /Users/kashif/Library/Developer/Xcode/DerivedData/doctoroncall-autidjmoegkjsqfaaopcibfjpldp/Build/Intermediates.noindex/Pods.build/Debug-iphonesimulator/React-featureflagsnativemodule.build/React_featureflagsnativemodule-all-target-headers.hmap

WriteAuxiliaryFile /Users/kashif/Library/Developer/Xcode/DerivedData/doctoroncall-autidjmoegkjsqfaaopcibfjpldp/Build/Intermediates.noindex/Pods.build/Debug-iphonesimulator/React-featureflagsnativemodule.build/React_featureflagsnativemodule-all-non-framework-target-headers.hmap (in target 'React-featureflagsnativemodule' from project 'Pods')
    cd /Users/kashif/Documents/GitHub/DoctoroncallNew/ios/Pods
    write-file /Users/kashif/Library/Developer/Xcode/DerivedData/doctoroncall-autidjmoegkjsqfaaopcibfjpldp/Build/Intermediates.noindex/Pods.build/Debug-iphonesimulator/React-featureflagsnativemodule.build/React_featureflagsnativemodule-all-non-framework-target-headers.hmap

WriteAuxiliaryFile /Users/kashif/Library/Developer/Xcode/DerivedData/doctoroncall-autidjmoegkjsqfaaopcibfjpldp/Build/Intermediates.noindex/Pods.build/Debug-iphonesimulator/React-featureflagsnativemodule.build/Objects-normal/arm64/e6072d4f65d7061329687fe24e3d63a7-common-args.resp (in target 'React-featureflagsnativemodule' from project 'Pods')
    cd /Users/kashif/Documents/GitHub/DoctoroncallNew/ios/Pods
    write-file /Users/kashif/Library/Developer/Xcode/DerivedData/doctoroncall-autidjmoegkjsqfaaopcibfjpldp/Build/Intermediates.noindex/Pods.build/Debug-iphonesimulator/React-featureflagsnativemodule.build/Objects-normal/arm64/e6072d4f65d7061329687fe24e3d63a7-common-args.resp
-target arm64-apple-ios15.1-simulator '-std=gnu11' -fobjc-arc -fmodules -gmodules '-fmodules-cache-path=/Users/kashif/Library/Developer/Xcode/DerivedData/ModuleCache.noindex' '-fmodule-name=React_featureflagsnativemodule' -fpascal-strings -O0 -fno-common '-DPOD_CONFIGURATION_DEBUG=1' '-DDEBUG=1' '-DCOCOAPODS=1' '-DOBJC_OLD_DISPATCH_PROTOTYPES=0' -isysroot /Applications/Xcode.app/Contents/Developer/Platforms/iPhoneSimulator.platform/Developer/SDKs/iPhoneSimulator26.2.sdk -g '-fobjc-abi-version=2' -fobjc-legacy-dispatch -iquote /Users/kashif/Library/Developer/Xcode/DerivedData/doctoroncall-autidjmoegkjsqfaaopcibfjpldp/Build/Intermediates.noindex/Pods.build/Debug-iphonesimulator/React-featureflagsnativemodule.build/React_featureflagsnativemodule-generated-files.hmap -I/Users/kashif/Library/Developer/Xcode/DerivedData/doctoroncall-autidjmoegkjsqfaaopcibfjpldp/Build/Intermediates.noindex/Pods.build/Debug-iphonesimulator/React-featureflagsnativemodule.build/React_featureflagsnativemodule-own-target-headers.hmap -I/Users/kashif/Library/Developer/Xcode/DerivedData/doctoroncall-autidjmoegkjsqfaaopcibfjpldp/Build/Intermediates.noindex/Pods.build/Debug-iphonesimulator/React-featureflagsnativemodule.build/React_featureflagsnativemodule-all-non-framework-target-headers.hmap -ivfsoverlay /Users/kashif/Library/Developer/Xcode/DerivedData/doctoroncall-autidjmoegkjsqfaaopcibfjpldp/Build/Intermediates.noindex/Pods.build/Debug-iphonesimulator/Pods-8699adb1dd336b26511df848a716bd42-VFS-iphonesimulator/all-product-headers.yaml -iquote /Users/kashif/Library/Developer/Xcode/DerivedData/doctoroncall-autidjmoegkjsqfaaopcibfjpldp/Build/Intermediates.noindex/Pods.build/Debug-iphonesimulator/React-featureflagsnativemodule.build/React_featureflagsnativemodule-project-headers.hmap -I/Users/kashif/Library/Developer/Xcode/DerivedData/doctoroncall-autidjmoegkjsqfaaopcibfjpldp/Build/Products/Debug-iphonesimulator/React-featureflagsnativemodule/include -I/Users/kashif/Library/Developer/Xcode/DerivedData/doctoroncall-autidjmoegkjsqfaaopcibfjpldp/Build/Products/Debug-iphonesimulator/ReactCommon/ReactCommon.framework/Headers -I/Users/kashif/Library/Developer/Xcode/DerivedData/doctoroncall-autidjmoegkjsqfaaopcibfjpldp/Build/Products/Debug-iphonesimulator/ReactCommon/ReactCommon.framework/Headers/react/nativemodule/core -I/Users/kashif/Library/Developer/Xcode/DerivedData/doctoroncall-autidjmoegkjsqfaaopcibfjpldp/Build/Products/Debug-iphonesimulator/ReactCommon-Samples/ReactCommon_Samples.framework/Headers -I/Users/kashif/Library/Developer/Xcode/DerivedData/doctoroncall-autidjmoegkjsqfaaopcibfjpldp/Build/Products/Debug-iphonesimulator/ReactCommon-Samples/ReactCommon_Samples.framework/Headers/platform/ios -I/Users/kashif/Library/Developer/Xcode/DerivedData/doctoroncall-autidjmoegkjsqfaaopcibfjpldp/Build/Products/Debug-iphonesimulator/React-Fabric/React_Fabric.framework/Headers/react/renderer/components/view/platform/cxx -I/Users/kashif/Library/Developer/Xcode/DerivedData/doctoroncall-autidjmoegkjsqfaaopcibfjpldp/Build/Products/Debug-iphonesimulator/React-NativeModulesApple/React_NativeModulesApple.framework/Headers -I/Users/kashif/Library/Developer/Xcode/DerivedData/doctoroncall-autidjmoegkjsqfaaopcibfjpldp/Build/Products/Debug-iphonesimulator/React-graphics/React_graphics.framework/Headers -I/Users/kashif/Library/Developer/Xcode/DerivedData/doctoroncall-autidjmoegkjsqfaaopcibfjpldp/Build/Products/Debug-iphonesimulator/React-graphics/React_graphics.framework/Headers/react/renderer/graphics/platform/ios -I/Users/kashif/Documents/GitHub/DoctoroncallNew/ios/Pods/Headers/Public -I/Users/kashif/Documents/GitHub/DoctoroncallNew/ios/Pods/Headers/Public/FBLazyVector -I/Users/kashif/Documents/GitHub/DoctoroncallNew/ios/Pods/Headers/Public/RCTRequired -I/Users/kashif/Documents/GitHub/DoctoroncallNew/ios/Pods/Headers/Public/React-callinvoker -I/Users/kashif/Documents/GitHub/DoctoroncallNew/ios/Pods/Headers/Public/React-runtimeexecutor -I/Users/kashif/Documents/GitHub/DoctoroncallNew/ios/Pods/Headers/Public/React-timing -I/Users/kashif/Documents/GitHub/DoctoroncallNew/ios/Pods/Headers/Public/boost -I/Users/kashif/Documents/GitHub/DoctoroncallNew/ios/Pods/Headers/Public/fast_float -I/Users/kashif/Documents/GitHub/DoctoroncallNew/ios/Pods/Headers/Public/hermes-engine -I/Users/kashif/Documents/GitHub/DoctoroncallNew/ios/Pods/RCT-Folly -I/Users/kashif/Documents/GitHub/DoctoroncallNew/node_modules/react-native/ReactCommon -I/Users/kashif/Documents/GitHub/DoctoroncallNew/ios/Pods/RCT-Folly -I/Users/kashif/Documents/GitHub/DoctoroncallNew/ios/Pods/DoubleConversion -I/Users/kashif/Documents/GitHub/DoctoroncallNew/ios/Pods/fast_float/include -I/Users/kashif/Documents/GitHub/DoctoroncallNew/ios/Pods/fmt/include -I/Users/kashif/Documents/GitHub/DoctoroncallNew/ios/Pods/boost -I/Users/kashif/Library/Developer/Xcode/DerivedData/doctoroncall-autidjmoegkjsqfaaopcibfjpldp/Build/Products/Debug-iphonesimulator/ReactCommon/ReactCommon.framework/Headers -I/Users/kashif/Library/Developer/Xcode/DerivedData/doctoroncall-autidjmoegkjsqfaaopcibfjpldp/Build/Products/Debug-iphonesimulator/ReactCommon/ReactCommon.framework/Headers/react/nativemodule/core -I/Users/kashif/Library/Developer/Xcode/DerivedData/doctoroncall-autidjmoegkjsqfaaopcibfjpldp/Build/Intermediates.noindex/Pods.build/Debug-iphonesimulator/React-featureflagsnativemodule.build/DerivedSources-normal/arm64 -I/Users/kashif/Library/Developer/Xcode/DerivedData/doctoroncall-autidjmoegkjsqfaaopcibfjpldp/Build/Intermediates.noindex/Pods.build/Debug-iphonesimulator/React-featureflagsnativemodule.build/DerivedSources/arm64 -I/Users/kashif/Library/Developer/Xcode/DerivedData/doctoroncall-autidjmoegkjsqfaaopcibfjpldp/Build/Intermediates.noindex/Pods.build/Debug-iphonesimulator/React-featureflagsnativemodule.build/DerivedSources -F/Users/kashif/Library/Developer/Xcode/DerivedData/doctoroncall-autidjmoegkjsqfaaopcibfjpldp/Build/Products/Debug-iphonesimulator/React-featureflagsnativemodule -F/Users/kashif/Library/Developer/Xcode/DerivedData/doctoroncall-autidjmoegkjsqfaaopcibfjpldp/Build/Products/Debug-iphonesimulator/DoubleConversion -F/Users/kashif/Library/Developer/Xcode/DerivedData/doctoroncall-autidjmoegkjsqfaaopcibfjpldp/Build/Products/Debug-iphonesimulator/RCT-Folly -F/Users/kashif/Library/Developer/Xcode/DerivedData/doctoroncall-autidjmoegkjsqfaaopcibfjpldp/Build/Products/Debug-iphonesimulator/RCTDeprecation -F/Users/kashif/Library/Developer/Xcode/DerivedData/doctoroncall-autidjmoegkjsqfaaopcibfjpldp/Build/Products/Debug-iphonesimulator/RCTTypeSafety -F/Users/kashif/Library/Developer/Xcode/DerivedData/doctoroncall-autidjmoegkjsqfaaopcibfjpldp/Build/Products/Debug-iphonesimulator/React-Core -F/Users/kashif/Library/Developer/Xcode/DerivedData/doctoroncall-autidjmoegkjsqfaaopcibfjpldp/Build/Products/Debug-iphonesimulator/React-NativeModulesApple -F/Users/kashif/Library/Developer/Xcode/DerivedData/doctoroncall-autidjmoegkjsqfaaopcibfjpldp/Build/Products/Debug-iphonesimulator/React-RCTFBReactNativeSpec -F/Users/kashif/Library/Developer/Xcode/DerivedData/doctoroncall-autidjmoegkjsqfaaopcibfjpldp/Build/Products/Debug-iphonesimulator/React-cxxreact -F/Users/kashif/Library/Developer/Xcode/DerivedData/doctoroncall-autidjmoegkjsqfaaopcibfjpldp/Build/Products/Debug-iphonesimulator/React-debug -F/Users/kashif/Library/Developer/Xcode/DerivedData/doctoroncall-autidjmoegkjsqfaaopcibfjpldp/Build/Products/Debug-iphonesimulator/React-featureflags -F/Users/kashif/Library/Developer/Xcode/DerivedData/doctoroncall-autidjmoegkjsqfaaopcibfjpldp/Build/Products/Debug-iphonesimulator/React-hermes -F/Users/kashif/Library/Developer/Xcode/DerivedData/doctoroncall-autidjmoegkjsqfaaopcibfjpldp/Build/Products/Debug-iphonesimulator/React-jsi -F/Users/kashif/Library/Developer/Xcode/DerivedData/doctoroncall-autidjmoegkjsqfaaopcibfjpldp/Build/Products/Debug-iphonesimulator/React-jsiexecutor -F/Users/kashif/Library/Developer/Xcode/DerivedData/doctoroncall-autidjmoegkjsqfaaopcibfjpldp/Build/Products/Debug-iphonesimulator/React-jsinspector -F/Users/kashif/Library/Developer/Xcode/DerivedData/doctoroncall-autidjmoegkjsqfaaopcibfjpldp/Build/Products/Debug-iphonesimulator/React-jsinspectortracing -F/Users/kashif/Library/Developer/Xcode/DerivedData/doctoroncall-autidjmoegkjsqfaaopcibfjpldp/Build/Products/Debug-iphonesimulator/React-jsitooling -F/Users/kashif/Library/Developer/Xcode/DerivedData/doctoroncall-autidjmoegkjsqfaaopcibfjpldp/Build/Products/Debug-iphonesimulator/React-logger -F/Users/kashif/Library/Developer/Xcode/DerivedData/doctoroncall-autidjmoegkjsqfaaopcibfjpldp/Build/Products/Debug-iphonesimulator/React-oscompat -F/Users/kashif/Library/Developer/Xcode/DerivedData/doctoroncall-autidjmoegkjsqfaaopcibfjpldp/Build/Products/Debug-iphonesimulator/React-perflogger -F/Users/kashif/Library/Developer/Xcode/DerivedData/doctoroncall-autidjmoegkjsqfaaopcibfjpldp/Build/Products/Debug-iphonesimulator/React-performancetimeline -F/Users/kashif/Library/Developer/Xcode/DerivedData/doctoroncall-autidjmoegkjsqfaaopcibfjpldp/Build/Products/Debug-iphonesimulator/React-rendererconsistency -F/Users/kashif/Library/Developer/Xcode/DerivedData/doctoroncall-autidjmoegkjsqfaaopcibfjpldp/Build/Products/Debug-iphonesimulator/React-rendererdebug -F/Users/kashif/Library/Developer/Xcode/DerivedData/doctoroncall-autidjmoegkjsqfaaopcibfjpldp/Build/Products/Debug-iphonesimulator/React-runtimescheduler -F/Users/kashif/Library/Developer/Xcode/DerivedData/doctoroncall-autidjmoegkjsqfaaopcibfjpldp/Build/Products/Debug-iphonesimulator/React-utils -F/Users/kashif/Library/Developer/Xcode/DerivedData/doctoroncall-autidjmoegkjsqfaaopcibfjpldp/Build/Products/Debug-iphonesimulator/ReactCommon -F/Users/kashif/Library/Developer/Xcode/DerivedData/doctoroncall-autidjmoegkjsqfaaopcibfjpldp/Build/Products/Debug-iphonesimulator/SocketRocket -F/Users/kashif/Library/Developer/Xcode/DerivedData/doctoroncall-autidjmoegkjsqfaaopcibfjpldp/Build/Products/Debug-iphonesimulator/Yoga -F/Users/kashif/Library/Developer/Xcode/DerivedData/doctoroncall-autidjmoegkjsqfaaopcibfjpldp/Build/Products/Debug-iphonesimulator/fmt -F/Users/kashif/Library/Developer/Xcode/DerivedData/doctoroncall-autidjmoegkjsqfaaopcibfjpldp/Build/Products/Debug-iphonesimulator/glog -F/Users/kashif/Documents/GitHub/DoctoroncallNew/ios/Pods/hermes-engine/destroot/Library/Frameworks/universal -F/Users/kashif/Library/Developer/Xcode/DerivedData/doctoroncall-autidjmoegkjsqfaaopcibfjpldp/Build/Products/Debug-iphonesimulator/XCFrameworkIntermediates/hermes-engine/Pre-built -DFOLLY_NO_CONFIG '-DFOLLY_MOBILE=1' '-DFOLLY_USE_LIBCPP=1' '-DFOLLY_CFG_NO_COROUTINES=1' '-DFOLLY_HAVE_CLOCK_GETTIME=1'

WriteAuxiliaryFile /Users/kashif/Library/Developer/Xcode/DerivedData/doctoroncall-autidjmoegkjsqfaaopcibfjpldp/Build/Intermediates.noindex/Pods.build/Debug-iphonesimulator/React-featureflagsnativemodule.build/Objects-normal/arm64/React_featureflagsnativemodule.LinkFileList (in target 'React-featureflagsnativemodule' from project 'Pods')
    cd /Users/kashif/Documents/GitHub/DoctoroncallNew/ios/Pods
    write-file /Users/kashif/Library/Developer/Xcode/DerivedData/doctoroncall-autidjmoegkjsqfaaopcibfjpldp/Build/Intermediates.noindex/Pods.build/Debug-iphonesimulator/React-featureflagsnativemodule.build/Objects-normal/arm64/React_featureflagsnativemodule.LinkFileList

WriteAuxiliaryFile /Users/kashif/Library/Developer/Xcode/DerivedData/doctoroncall-autidjmoegkjsqfaaopcibfjpldp/Build/Intermediates.noindex/Pods.build/Debug-iphonesimulator/React-featureflagsnativemodule.build/Objects-normal/arm64/82b82416624d2658e5098eb0a28c15c5-common-args.resp (in target 'React-featureflagsnativemodule' from project 'Pods')
    cd /Users/kashif/Documents/GitHub/DoctoroncallNew/ios/Pods
    write-file /Users/kashif/Library/Developer/Xcode/DerivedData/doctoroncall-autidjmoegkjsqfaaopcibfjpldp/Build/Intermediates.noindex/Pods.build/Debug-iphonesimulator/React-featureflagsnativemodule.build/Objects-normal/arm64/82b82416624d2658e5098eb0a28c15c5-common-args.resp
-target arm64-apple-ios15.1-simulator '-std=c++20' '-stdlib=libc++' -fmodules -fno-cxx-modules -gmodules '-fmodules-cache-path=/Users/kashif/Library/Developer/Xcode/DerivedData/ModuleCache.noindex' '-fmodule-name=React_featureflagsnativemodule' '-D_LIBCPP_HARDENING_MODE=_LIBCPP_HARDENING_MODE_DEBUG' -fpascal-strings -O0 -fno-common '-DPOD_CONFIGURATION_DEBUG=1' '-DDEBUG=1' '-DCOCOAPODS=1' -isysroot /Applications/Xcode.app/Contents/Developer/Platforms/iPhoneSimulator.platform/Developer/SDKs/iPhoneSimulator26.2.sdk -g -fvisibility-inlines-hidden -iquote /Users/kashif/Library/Developer/Xcode/DerivedData/doctoroncall-autidjmoegkjsqfaaopcibfjpldp/Build/Intermediates.noindex/Pods.build/Debug-iphonesimulator/React-featureflagsnativemodule.build/React_featureflagsnativemodule-generated-files.hmap -I/Users/kashif/Library/Developer/Xcode/DerivedData/doctoroncall-autidjmoegkjsqfaaopcibfjpldp/Build/Intermediates.noindex/Pods.build/Debug-iphonesimulator/React-featureflagsnativemodule.build/React_featureflagsnativemodule-own-target-headers.hmap -I/Users/kashif/Library/Developer/Xcode/DerivedData/doctoroncall-autidjmoegkjsqfaaopcibfjpldp/Build/Intermediates.noindex/Pods.build/Debug-iphonesimulator/React-featureflagsnativemodule.build/React_featureflagsnativemodule-all-non-framework-target-headers.hmap -ivfsoverlay /Users/kashif/Library/Developer/Xcode/DerivedData/doctoroncall-autidjmoegkjsqfaaopcibfjpldp/Build/Intermediates.noindex/Pods.build/Debug-iphonesimulator/Pods-8699adb1dd336b26511df848a716bd42-VFS-iphonesimulator/all-product-headers.yaml -iquote /Users/kashif/Library/Developer/Xcode/DerivedData/doctoroncall-autidjmoegkjsqfaaopcibfjpldp/Build/Intermediates.noindex/Pods.build/Debug-iphonesimulator/React-featureflagsnativemodule.build/React_featureflagsnativemodule-project-headers.hmap -I/Users/kashif/Library/Developer/Xcode/DerivedData/doctoroncall-autidjmoegkjsqfaaopcibfjpldp/Build/Products/Debug-iphonesimulator/React-featureflagsnativemodule/include -I/Users/kashif/Library/Developer/Xcode/DerivedData/doctoroncall-autidjmoegkjsqfaaopcibfjpldp/Build/Products/Debug-iphonesimulator/ReactCommon/ReactCommon.framework/Headers -I/Users/kashif/Library/Developer/Xcode/DerivedData/doctoroncall-autidjmoegkjsqfaaopcibfjpldp/Build/Products/Debug-iphonesimulator/ReactCommon/ReactCommon.framework/Headers/react/nativemodule/core -I/Users/kashif/Library/Developer/Xcode/DerivedData/doctoroncall-autidjmoegkjsqfaaopcibfjpldp/Build/Products/Debug-iphonesimulator/ReactCommon-Samples/ReactCommon_Samples.framework/Headers -I/Users/kashif/Library/Developer/Xcode/DerivedData/doctoroncall-autidjmoegkjsqfaaopcibfjpldp/Build/Products/Debug-iphonesimulator/ReactCommon-Samples/ReactCommon_Samples.framework/Headers/platform/ios -I/Users/kashif/Library/Developer/Xcode/DerivedData/doctoroncall-autidjmoegkjsqfaaopcibfjpldp/Build/Products/Debug-iphonesimulator/React-Fabric/React_Fabric.framework/Headers/react/renderer/components/view/platform/cxx -I/Users/kashif/Library/Developer/Xcode/DerivedData/doctoroncall-autidjmoegkjsqfaaopcibfjpldp/Build/Products/Debug-iphonesimulator/React-NativeModulesApple/React_NativeModulesApple.framework/Headers -I/Users/kashif/Library/Developer/Xcode/DerivedData/doctoroncall-autidjmoegkjsqfaaopcibfjpldp/Build/Products/Debug-iphonesimulator/React-graphics/React_graphics.framework/Headers -I/Users/kashif/Library/Developer/Xcode/DerivedData/doctoroncall-autidjmoegkjsqfaaopcibfjpldp/Build/Products/Debug-iphonesimulator/React-graphics/React_graphics.framework/Headers/react/renderer/graphics/platform/ios -I/Users/kashif/Documents/GitHub/DoctoroncallNew/ios/Pods/Headers/Public -I/Users/kashif/Documents/GitHub/DoctoroncallNew/ios/Pods/Headers/Public/FBLazyVector -I/Users/kashif/Documents/GitHub/DoctoroncallNew/ios/Pods/Headers/Public/RCTRequired -I/Users/kashif/Documents/GitHub/DoctoroncallNew/ios/Pods/Headers/Public/React-callinvoker -I/Users/kashif/Documents/GitHub/DoctoroncallNew/ios/Pods/Headers/Public/React-runtimeexecutor -I/Users/kashif/Documents/GitHub/DoctoroncallNew/ios/Pods/Headers/Public/React-timing -I/Users/kashif/Documents/GitHub/DoctoroncallNew/ios/Pods/Headers/Public/boost -I/Users/kashif/Documents/GitHub/DoctoroncallNew/ios/Pods/Headers/Public/fast_float -I/Users/kashif/Documents/GitHub/DoctoroncallNew/ios/Pods/Headers/Public/hermes-engine -I/Users/kashif/Documents/GitHub/DoctoroncallNew/ios/Pods/RCT-Folly -I/Users/kashif/Documents/GitHub/DoctoroncallNew/node_modules/react-native/ReactCommon -I/Users/kashif/Documents/GitHub/DoctoroncallNew/ios/Pods/RCT-Folly -I/Users/kashif/Documents/GitHub/DoctoroncallNew/ios/Pods/DoubleConversion -I/Users/kashif/Documents/GitHub/DoctoroncallNew/ios/Pods/fast_float/include -I/Users/kashif/Documents/GitHub/DoctoroncallNew/ios/Pods/fmt/include -I/Users/kashif/Documents/GitHub/DoctoroncallNew/ios/Pods/boost -I/Users/kashif/Library/Developer/Xcode/DerivedData/doctoroncall-autidjmoegkjsqfaaopcibfjpldp/Build/Products/Debug-iphonesimulator/ReactCommon/ReactCommon.framework/Headers -I/Users/kashif/Library/Developer/Xcode/DerivedData/doctoroncall-autidjmoegkjsqfaaopcibfjpldp/Build/Products/Debug-iphonesimulator/ReactCommon/ReactCommon.framework/Headers/react/nativemodule/core -I/Users/kashif/Library/Developer/Xcode/DerivedData/doctoroncall-autidjmoegkjsqfaaopcibfjpldp/Build/Intermediates.noindex/Pods.build/Debug-iphonesimulator/React-featureflagsnativemodule.build/DerivedSources-normal/arm64 -I/Users/kashif/Library/Developer/Xcode/DerivedData/doctoroncall-autidjmoegkjsqfaaopcibfjpldp/Build/Intermediates.noindex/Pods.build/Debug-iphonesimulator/React-featureflagsnativemodule.build/DerivedSources/arm64 -I/Users/kashif/Library/Developer/Xcode/DerivedData/doctoroncall-autidjmoegkjsqfaaopcibfjpldp/Build/Intermediates.noindex/Pods.build/Debug-iphonesimulator/React-featureflagsnativemodule.build/DerivedSources -F/Users/kashif/Library/Developer/Xcode/DerivedData/doctoroncall-autidjmoegkjsqfaaopcibfjpldp/Build/Products/Debug-iphonesimulator/React-featureflagsnativemodule -F/Users/kashif/Library/Developer/Xcode/DerivedData/doctoroncall-autidjmoegkjsqfaaopcibfjpldp/Build/Products/Debug-iphonesimulator/DoubleConversion -F/Users/kashif/Library/Developer/Xcode/DerivedData/doctoroncall-autidjmoegkjsqfaaopcibfjpldp/Build/Products/Debug-iphonesimulator/RCT-Folly -F/Users/kashif/Library/Developer/Xcode/DerivedData/doctoroncall-autidjmoegkjsqfaaopcibfjpldp/Build/Products/Debug-iphonesimulator/RCTDeprecation -F/Users/kashif/Library/Developer/Xcode/DerivedData/doctoroncall-autidjmoegkjsqfaaopcibfjpldp/Build/Products/Debug-iphonesimulator/RCTTypeSafety -F/Users/kashif/Library/Developer/Xcode/DerivedData/doctoroncall-autidjmoegkjsqfaaopcibfjpldp/Build/Products/Debug-iphonesimulator/React-Core -F/Users/kashif/Library/Developer/Xcode/DerivedData/doctoroncall-autidjmoegkjsqfaaopcibfjpldp/Build/Products/Debug-iphonesimulator/React-NativeModulesApple -F/Users/kashif/Library/Developer/Xcode/DerivedData/doctoroncall-autidjmoegkjsqfaaopcibfjpldp/Build/Products/Debug-iphonesimulator/React-RCTFBReactNativeSpec -F/Users/kashif/Library/Developer/Xcode/DerivedData/doctoroncall-autidjmoegkjsqfaaopcibfjpldp/Build/Products/Debug-iphonesimulator/React-cxxreact -F/Users/kashif/Library/Developer/Xcode/DerivedData/doctoroncall-autidjmoegkjsqfaaopcibfjpldp/Build/Products/Debug-iphonesimulator/React-debug -F/Users/kashif/Library/Developer/Xcode/DerivedData/doctoroncall-autidjmoegkjsqfaaopcibfjpldp/Build/Products/Debug-iphonesimulator/React-featureflags -F/Users/kashif/Library/Developer/Xcode/DerivedData/doctoroncall-autidjmoegkjsqfaaopcibfjpldp/Build/Products/Debug-iphonesimulator/React-hermes -F/Users/kashif/Library/Developer/Xcode/DerivedData/doctoroncall-autidjmoegkjsqfaaopcibfjpldp/Build/Products/Debug-iphonesimulator/React-jsi -F/Users/kashif/Library/Developer/Xcode/DerivedData/doctoroncall-autidjmoegkjsqfaaopcibfjpldp/Build/Products/Debug-iphonesimulator/React-jsiexecutor -F/Users/kashif/Library/Developer/Xcode/DerivedData/doctoroncall-autidjmoegkjsqfaaopcibfjpldp/Build/Products/Debug-iphonesimulator/React-jsinspector -F/Users/kashif/Library/Developer/Xcode/DerivedData/doctoroncall-autidjmoegkjsqfaaopcibfjpldp/Build/Products/Debug-iphonesimulator/React-jsinspectortracing -F/Users/kashif/Library/Developer/Xcode/DerivedData/doctoroncall-autidjmoegkjsqfaaopcibfjpldp/Build/Products/Debug-iphonesimulator/React-jsitooling -F/Users/kashif/Library/Developer/Xcode/DerivedData/doctoroncall-autidjmoegkjsqfaaopcibfjpldp/Build/Products/Debug-iphonesimulator/React-logger -F/Users/kashif/Library/Developer/Xcode/DerivedData/doctoroncall-autidjmoegkjsqfaaopcibfjpldp/Build/Products/Debug-iphonesimulator/React-oscompat -F/Users/kashif/Library/Developer/Xcode/DerivedData/doctoroncall-autidjmoegkjsqfaaopcibfjpldp/Build/Products/Debug-iphonesimulator/React-perflogger -F/Users/kashif/Library/Developer/Xcode/DerivedData/doctoroncall-autidjmoegkjsqfaaopcibfjpldp/Build/Products/Debug-iphonesimulator/React-performancetimeline -F/Users/kashif/Library/Developer/Xcode/DerivedData/doctoroncall-autidjmoegkjsqfaaopcibfjpldp/Build/Products/Debug-iphonesimulator/React-rendererconsistency -F/Users/kashif/Library/Developer/Xcode/DerivedData/doctoroncall-autidjmoegkjsqfaaopcibfjpldp/Build/Products/Debug-iphonesimulator/React-rendererdebug -F/Users/kashif/Library/Developer/Xcode/DerivedData/doctoroncall-autidjmoegkjsqfaaopcibfjpldp/Build/Products/Debug-iphonesimulator/React-runtimescheduler -F/Users/kashif/Library/Developer/Xcode/DerivedData/doctoroncall-autidjmoegkjsqfaaopcibfjpldp/Build/Products/Debug-iphonesimulator/React-utils -F/Users/kashif/Library/Developer/Xcode/DerivedData/doctoroncall-autidjmoegkjsqfaaopcibfjpldp/Build/Products/Debug-iphonesimulator/ReactCommon -F/Users/kashif/Library/Developer/Xcode/DerivedData/doctoroncall-autidjmoegkjsqfaaopcibfjpldp/Build/Products/Debug-iphonesimulator/SocketRocket -F/Users/kashif/Library/Developer/Xcode/DerivedData/doctoroncall-autidjmoegkjsqfaaopcibfjpldp/Build/Products/Debug-iphonesimulator/Yoga -F/Users/kashif/Library/Developer/Xcode/DerivedData/doctoroncall-autidjmoegkjsqfaaopcibfjpldp/Build/Products/Debug-iphonesimulator/fmt -F/Users/kashif/Library/Developer/Xcode/DerivedData/doctoroncall-autidjmoegkjsqfaaopcibfjpldp/Build/Products/Debug-iphonesimulator/glog -F/Users/kashif/Documents/GitHub/DoctoroncallNew/ios/Pods/hermes-engine/destroot/Library/Frameworks/universal -F/Users/kashif/Library/Developer/Xcode/DerivedData/doctoroncall-autidjmoegkjsqfaaopcibfjpldp/Build/Products/Debug-iphonesimulator/XCFrameworkIntermediates/hermes-engine/Pre-built -DFOLLY_NO_CONFIG '-DFOLLY_MOBILE=1' '-DFOLLY_USE_LIBCPP=1' '-DFOLLY_CFG_NO_COROUTINES=1' '-DFOLLY_HAVE_CLOCK_GETTIME=1'

WriteAuxiliaryFile /Users/kashif/Library/Developer/Xcode/DerivedData/doctoroncall-autidjmoegkjsqfaaopcibfjpldp/Build/Intermediates.noindex/Pods.build/Debug-iphonesimulator/React-featureflagsnativemodule.build/Objects-normal/arm64/7187679823f38a2a940e0043cdf9d637-common-args.resp (in target 'React-featureflagsnativemodule' from project 'Pods')
    cd /Users/kashif/Documents/GitHub/DoctoroncallNew/ios/Pods
    write-file /Users/kashif/Library/Developer/Xcode/DerivedData/doctoroncall-autidjmoegkjsqfaaopcibfjpldp/Build/Intermediates.noindex/Pods.build/Debug-iphonesimulator/React-featureflagsnativemodule.build/Objects-normal/arm64/7187679823f38a2a940e0043cdf9d637-common-args.resp
-target arm64-apple-ios15.1-simulator '-std=gnu11' -fmodules -gmodules '-fmodules-cache-path=/Users/kashif/Library/Developer/Xcode/DerivedData/ModuleCache.noindex' '-fmodule-name=React_featureflagsnativemodule' -fpascal-strings -O0 -fno-common '-DPOD_CONFIGURATION_DEBUG=1' '-DDEBUG=1' '-DCOCOAPODS=1' -isysroot /Applications/Xcode.app/Contents/Developer/Platforms/iPhoneSimulator.platform/Developer/SDKs/iPhoneSimulator26.2.sdk -g -iquote /Users/kashif/Library/Developer/Xcode/DerivedData/doctoroncall-autidjmoegkjsqfaaopcibfjpldp/Build/Intermediates.noindex/Pods.build/Debug-iphonesimulator/React-featureflagsnativemodule.build/React_featureflagsnativemodule-generated-files.hmap -I/Users/kashif/Library/Developer/Xcode/DerivedData/doctoroncall-autidjmoegkjsqfaaopcibfjpldp/Build/Intermediates.noindex/Pods.build/Debug-iphonesimulator/React-featureflagsnativemodule.build/React_featureflagsnativemodule-own-target-headers.hmap -I/Users/kashif/Library/Developer/Xcode/DerivedData/doctoroncall-autidjmoegkjsqfaaopcibfjpldp/Build/Intermediates.noindex/Pods.build/Debug-iphonesimulator/React-featureflagsnativemodule.build/React_featureflagsnativemodule-all-non-framework-target-headers.hmap -ivfsoverlay /Users/kashif/Library/Developer/Xcode/DerivedData/doctoroncall-autidjmoegkjsqfaaopcibfjpldp/Build/Intermediates.noindex/Pods.build/Debug-iphonesimulator/Pods-8699adb1dd336b26511df848a716bd42-VFS-iphonesimulator/all-product-headers.yaml -iquote /Users/kashif/Library/Developer/Xcode/DerivedData/doctoroncall-autidjmoegkjsqfaaopcibfjpldp/Build/Intermediates.noindex/Pods.build/Debug-iphonesimulator/React-featureflagsnativemodule.build/React_featureflagsnativemodule-project-headers.hmap -I/Users/kashif/Library/Developer/Xcode/DerivedData/doctoroncall-autidjmoegkjsqfaaopcibfjpldp/Build/Products/Debug-iphonesimulator/React-featureflagsnativemodule/include -I/Users/kashif/Library/Developer/Xcode/DerivedData/doctoroncall-autidjmoegkjsqfaaopcibfjpldp/Build/Products/Debug-iphonesimulator/ReactCommon/ReactCommon.framework/Headers -I/Users/kashif/Library/Developer/Xcode/DerivedData/doctoroncall-autidjmoegkjsqfaaopcibfjpldp/Build/Products/Debug-iphonesimulator/ReactCommon/ReactCommon.framework/Headers/react/nativemodule/core -I/Users/kashif/Library/Developer/Xcode/DerivedData/doctoroncall-autidjmoegkjsqfaaopcibfjpldp/Build/Products/Debug-iphonesimulator/ReactCommon-Samples/ReactCommon_Samples.framework/Headers -I/Users/kashif/Library/Developer/Xcode/DerivedData/doctoroncall-autidjmoegkjsqfaaopcibfjpldp/Build/Products/Debug-iphonesimulator/ReactCommon-Samples/ReactCommon_Samples.framework/Headers/platform/ios -I/Users/kashif/Library/Developer/Xcode/DerivedData/doctoroncall-autidjmoegkjsqfaaopcibfjpldp/Build/Products/Debug-iphonesimulator/React-Fabric/React_Fabric.framework/Headers/react/renderer/components/view/platform/cxx -I/Users/kashif/Library/Developer/Xcode/DerivedData/doctoroncall-autidjmoegkjsqfaaopcibfjpldp/Build/Products/Debug-iphonesimulator/React-NativeModulesApple/React_NativeModulesApple.framework/Headers -I/Users/kashif/Library/Developer/Xcode/DerivedData/doctoroncall-autidjmoegkjsqfaaopcibfjpldp/Build/Products/Debug-iphonesimulator/React-graphics/React_graphics.framework/Headers -I/Users/kashif/Library/Developer/Xcode/DerivedData/doctoroncall-autidjmoegkjsqfaaopcibfjpldp/Build/Products/Debug-iphonesimulator/React-graphics/React_graphics.framework/Headers/react/renderer/graphics/platform/ios -I/Users/kashif/Documents/GitHub/DoctoroncallNew/ios/Pods/Headers/Public -I/Users/kashif/Documents/GitHub/DoctoroncallNew/ios/Pods/Headers/Public/FBLazyVector -I/Users/kashif/Documents/GitHub/DoctoroncallNew/ios/Pods/Headers/Public/RCTRequired -I/Users/kashif/Documents/GitHub/DoctoroncallNew/ios/Pods/Headers/Public/React-callinvoker -I/Users/kashif/Documents/GitHub/DoctoroncallNew/ios/Pods/Headers/Public/React-runtimeexecutor -I/Users/kashif/Documents/GitHub/DoctoroncallNew/ios/Pods/Headers/Public/React-timing -I/Users/kashif/Documents/GitHub/DoctoroncallNew/ios/Pods/Headers/Public/boost -I/Users/kashif/Documents/GitHub/DoctoroncallNew/ios/Pods/Headers/Public/fast_float -I/Users/kashif/Documents/GitHub/DoctoroncallNew/ios/Pods/Headers/Public/hermes-engine -I/Users/kashif/Documents/GitHub/DoctoroncallNew/ios/Pods/RCT-Folly -I/Users/kashif/Documents/GitHub/DoctoroncallNew/node_modules/react-native/ReactCommon -I/Users/kashif/Documents/GitHub/DoctoroncallNew/ios/Pods/RCT-Folly -I/Users/kashif/Documents/GitHub/DoctoroncallNew/ios/Pods/DoubleConversion -I/Users/kashif/Documents/GitHub/DoctoroncallNew/ios/Pods/fast_float/include -I/Users/kashif/Documents/GitHub/DoctoroncallNew/ios/Pods/fmt/include -I/Users/kashif/Documents/GitHub/DoctoroncallNew/ios/Pods/boost -I/Users/kashif/Library/Developer/Xcode/DerivedData/doctoroncall-autidjmoegkjsqfaaopcibfjpldp/Build/Products/Debug-iphonesimulator/ReactCommon/ReactCommon.framework/Headers -I/Users/kashif/Library/Developer/Xcode/DerivedData/doctoroncall-autidjmoegkjsqfaaopcibfjpldp/Build/Products/Debug-iphonesimulator/ReactCommon/ReactCommon.framework/Headers/react/nativemodule/core -I/Users/kashif/Library/Developer/Xcode/DerivedData/doctoroncall-autidjmoegkjsqfaaopcibfjpldp/Build/Intermediates.noindex/Pods.build/Debug-iphonesimulator/React-featureflagsnativemodule.build/DerivedSources-normal/arm64 -I/Users/kashif/Library/Developer/Xcode/DerivedData/doctoroncall-autidjmoegkjsqfaaopcibfjpldp/Build/Intermediates.noindex/Pods.build/Debug-iphonesimulator/React-featureflagsnativemodule.build/DerivedSources/arm64 -I/Users/kashif/Library/Developer/Xcode/DerivedData/doctoroncall-autidjmoegkjsqfaaopcibfjpldp/Build/Intermediates.noindex/Pods.build/Debug-iphonesimulator/React-featureflagsnativemodule.build/DerivedSources -F/Users/kashif/Library/Developer/Xcode/DerivedData/doctoroncall-autidjmoegkjsqfaaopcibfjpldp/Build/Products/Debug-iphonesimulator/React-featureflagsnativemodule -F/Users/kashif/Library/Developer/Xcode/DerivedData/doctoroncall-autidjmoegkjsqfaaopcibfjpldp/Build/Products/Debug-iphonesimulator/DoubleConversion -F/Users/kashif/Library/Developer/Xcode/DerivedData/doctoroncall-autidjmoegkjsqfaaopcibfjpldp/Build/Products/Debug-iphonesimulator/RCT-Folly -F/Users/kashif/Library/Developer/Xcode/DerivedData/doctoroncall-autidjmoegkjsqfaaopcibfjpldp/Build/Products/Debug-iphonesimulator/RCTDeprecation -F/Users/kashif/Library/Developer/Xcode/DerivedData/doctoroncall-autidjmoegkjsqfaaopcibfjpldp/Build/Products/Debug-iphonesimulator/RCTTypeSafety -F/Users/kashif/Library/Developer/Xcode/DerivedData/doctoroncall-autidjmoegkjsqfaaopcibfjpldp/Build/Products/Debug-iphonesimulator/React-Core -F/Users/kashif/Library/Developer/Xcode/DerivedData/doctoroncall-autidjmoegkjsqfaaopcibfjpldp/Build/Products/Debug-iphonesimulator/React-NativeModulesApple -F/Users/kashif/Library/Developer/Xcode/DerivedData/doctoroncall-autidjmoegkjsqfaaopcibfjpldp/Build/Products/Debug-iphonesimulator/React-RCTFBReactNativeSpec -F/Users/kashif/Library/Developer/Xcode/DerivedData/doctoroncall-autidjmoegkjsqfaaopcibfjpldp/Build/Products/Debug-iphonesimulator/React-cxxreact -F/Users/kashif/Library/Developer/Xcode/DerivedData/doctoroncall-autidjmoegkjsqfaaopcibfjpldp/Build/Products/Debug-iphonesimulator/React-debug -F/Users/kashif/Library/Developer/Xcode/DerivedData/doctoroncall-autidjmoegkjsqfaaopcibfjpldp/Build/Products/Debug-iphonesimulator/React-featureflags -F/Users/kashif/Library/Developer/Xcode/DerivedData/doctoroncall-autidjmoegkjsqfaaopcibfjpldp/Build/Products/Debug-iphonesimulator/React-hermes -F/Users/kashif/Library/Developer/Xcode/DerivedData/doctoroncall-autidjmoegkjsqfaaopcibfjpldp/Build/Products/Debug-iphonesimulator/React-jsi -F/Users/kashif/Library/Developer/Xcode/DerivedData/doctoroncall-autidjmoegkjsqfaaopcibfjpldp/Build/Products/Debug-iphonesimulator/React-jsiexecutor -F/Users/kashif/Library/Developer/Xcode/DerivedData/doctoroncall-autidjmoegkjsqfaaopcibfjpldp/Build/Products/Debug-iphonesimulator/React-jsinspector -F/Users/kashif/Library/Developer/Xcode/DerivedData/doctoroncall-autidjmoegkjsqfaaopcibfjpldp/Build/Products/Debug-iphonesimulator/React-jsinspectortracing -F/Users/kashif/Library/Developer/Xcode/DerivedData/doctoroncall-autidjmoegkjsqfaaopcibfjpldp/Build/Products/Debug-iphonesimulator/React-jsitooling -F/Users/kashif/Library/Developer/Xcode/DerivedData/doctoroncall-autidjmoegkjsqfaaopcibfjpldp/Build/Products/Debug-iphonesimulator/React-logger -F/Users/kashif/Library/Developer/Xcode/DerivedData/doctoroncall-autidjmoegkjsqfaaopcibfjpldp/Build/Products/Debug-iphonesimulator/React-oscompat -F/Users/kashif/Library/Developer/Xcode/DerivedData/doctoroncall-autidjmoegkjsqfaaopcibfjpldp/Build/Products/Debug-iphonesimulator/React-perflogger -F/Users/kashif/Library/Developer/Xcode/DerivedData/doctoroncall-autidjmoegkjsqfaaopcibfjpldp/Build/Products/Debug-iphonesimulator/React-performancetimeline -F/Users/kashif/Library/Developer/Xcode/DerivedData/doctoroncall-autidjmoegkjsqfaaopcibfjpldp/Build/Products/Debug-iphonesimulator/React-rendererconsistency -F/Users/kashif/Library/Developer/Xcode/DerivedData/doctoroncall-autidjmoegkjsqfaaopcibfjpldp/Build/Products/Debug-iphonesimulator/React-rendererdebug -F/Users/kashif/Library/Developer/Xcode/DerivedData/doctoroncall-autidjmoegkjsqfaaopcibfjpldp/Build/Products/Debug-iphonesimulator/React-runtimescheduler -F/Users/kashif/Library/Developer/Xcode/DerivedData/doctoroncall-autidjmoegkjsqfaaopcibfjpldp/Build/Products/Debug-iphonesimulator/React-utils -F/Users/kashif/Library/Developer/Xcode/DerivedData/doctoroncall-autidjmoegkjsqfaaopcibfjpldp/Build/Products/Debug-iphonesimulator/ReactCommon -F/Users/kashif/Library/Developer/Xcode/DerivedData/doctoroncall-autidjmoegkjsqfaaopcibfjpldp/Build/Products/Debug-iphonesimulator/SocketRocket -F/Users/kashif/Library/Developer/Xcode/DerivedData/doctoroncall-autidjmoegkjsqfaaopcibfjpldp/Build/Products/Debug-iphonesimulator/Yoga -F/Users/kashif/Library/Developer/Xcode/DerivedData/doctoroncall-autidjmoegkjsqfaaopcibfjpldp/Build/Products/Debug-iphonesimulator/fmt -F/Users/kashif/Library/Developer/Xcode/DerivedData/doctoroncall-autidjmoegkjsqfaaopcibfjpldp/Build/Products/Debug-iphonesimulator/glog -F/Users/kashif/Documents/GitHub/DoctoroncallNew/ios/Pods/hermes-engine/destroot/Library/Frameworks/universal -F/Users/kashif/Library/Developer/Xcode/DerivedData/doctoroncall-autidjmoegkjsqfaaopcibfjpldp/Build/Products/Debug-iphonesimulator/XCFrameworkIntermediates/hermes-engine/Pre-built -DFOLLY_NO_CONFIG '-DFOLLY_MOBILE=1' '-DFOLLY_USE_LIBCPP=1' '-DFOLLY_CFG_NO_COROUTINES=1' '-DFOLLY_HAVE_CLOCK_GETTIME=1'

WriteAuxiliaryFile /Users/kashif/Library/Developer/Xcode/DerivedData/doctoroncall-autidjmoegkjsqfaaopcibfjpldp/Build/Intermediates.noindex/Pods.build/Debug-iphonesimulator/React-featureflagsnativemodule.build/DerivedSources/React_featureflagsnativemodule_vers.c (in target 'React-featureflagsnativemodule' from project 'Pods')
    cd /Users/kashif/Documents/GitHub/DoctoroncallNew/ios/Pods
    write-file /Users/kashif/Library/Developer/Xcode/DerivedData/doctoroncall-autidjmoegkjsqfaaopcibfjpldp/Build/Intermediates.noindex/Pods.build/Debug-iphonesimulator/React-featureflagsnativemodule.build/DerivedSources/React_featureflagsnativemodule_vers.c

Copy /Users/kashif/Library/Developer/Xcode/DerivedData/doctoroncall-autidjmoegkjsqfaaopcibfjpldp/Build/Intermediates.noindex/Pods.build/Debug-iphonesimulator/React-featureflagsnativemodule.build/module.modulemap /Users/kashif/Documents/GitHub/DoctoroncallNew/ios/Pods/Target\ Support\ Files/React-featureflagsnativemodule/React-featureflagsnativemodule.modulemap (in target 'React-featureflagsnativemodule' from project 'Pods')
    cd /Users/kashif/Documents/GitHub/DoctoroncallNew/ios/Pods
    builtin-copy -exclude .DS_Store -exclude CVS -exclude .svn -exclude .git -exclude .hg -resolve-src-symlinks -rename /Users/kashif/Documents/GitHub/DoctoroncallNew/ios/Pods/Target\ Support\ Files/React-featureflagsnativemodule/React-featureflagsnativemodule.modulemap /Users/kashif/Library/Developer/Xcode/DerivedData/doctoroncall-autidjmoegkjsqfaaopcibfjpldp/Build/Intermediates.noindex/Pods.build/Debug-iphonesimulator/React-featureflagsnativemodule.build/module.modulemap

CpHeader /Users/kashif/Library/Developer/Xcode/DerivedData/doctoroncall-autidjmoegkjsqfaaopcibfjpldp/Build/Products/Debug-iphonesimulator/React-featureflagsnativemodule/React_featureflagsnativemodule.framework/Headers/React-featureflagsnativemodule-umbrella.h /Users/kashif/Documents/GitHub/DoctoroncallNew/ios/Pods/Target\ Support\ Files/React-featureflagsnativemodule/React-featureflagsnativemodule-umbrella.h (in target 'React-featureflagsnativemodule' from project 'Pods')
    cd /Users/kashif/Documents/GitHub/DoctoroncallNew/ios/Pods
    builtin-copy -exclude .DS_Store -exclude CVS -exclude .svn -exclude .git -exclude .hg -resolve-src-symlinks /Users/kashif/Documents/GitHub/DoctoroncallNew/ios/Pods/Target\ Support\ Files/React-featureflagsnativemodule/React-featureflagsnativemodule-umbrella.h /Users/kashif/Library/Developer/Xcode/DerivedData/doctoroncall-autidjmoegkjsqfaaopcibfjpldp/Build/Products/Debug-iphonesimulator/React-featureflagsnativemodule/React_featureflagsnativemodule.framework/Headers

WriteAuxiliaryFile /Users/kashif/Library/Developer/Xcode/DerivedData/doctoroncall-autidjmoegkjsqfaaopcibfjpldp/Build/Intermediates.noindex/Pods.build/Debug-iphonesimulator/React-featureflags.build/Script-46EB2E0003FCA0.sh (in target 'React-featureflags' from project 'Pods')
    cd /Users/kashif/Documents/GitHub/DoctoroncallNew/ios/Pods
    write-file /Users/kashif/Library/Developer/Xcode/DerivedData/doctoroncall-autidjmoegkjsqfaaopcibfjpldp/Build/Intermediates.noindex/Pods.build/Debug-iphonesimulator/React-featureflags.build/Script-46EB2E0003FCA0.sh

WriteAuxiliaryFile /Users/kashif/Library/Developer/Xcode/DerivedData/doctoroncall-autidjmoegkjsqfaaopcibfjpldp/Build/Intermediates.noindex/Pods.build/Debug-iphonesimulator/React-featureflags.build/React_featureflags.hmap (in target 'React-featureflags' from project 'Pods')
    cd /Users/kashif/Documents/GitHub/DoctoroncallNew/ios/Pods
    write-file /Users/kashif/Library/Developer/Xcode/DerivedData/doctoroncall-autidjmoegkjsqfaaopcibfjpldp/Build/Intermediates.noindex/Pods.build/Debug-iphonesimulator/React-featureflags.build/React_featureflags.hmap

WriteAuxiliaryFile /Users/kashif/Library/Developer/Xcode/DerivedData/doctoroncall-autidjmoegkjsqfaaopcibfjpldp/Build/Intermediates.noindex/Pods.build/Debug-iphonesimulator/React-featureflags.build/React_featureflags.DependencyStaticMetadataFileList (in target 'React-featureflags' from project 'Pods')
    cd /Users/kashif/Documents/GitHub/DoctoroncallNew/ios/Pods
    write-file /Users/kashif/Library/Developer/Xcode/DerivedData/doctoroncall-autidjmoegkjsqfaaopcibfjpldp/Build/Intermediates.noindex/Pods.build/Debug-iphonesimulator/React-featureflags.build/React_featureflags.DependencyStaticMetadataFileList

WriteAuxiliaryFile /Users/kashif/Library/Developer/Xcode/DerivedData/doctoroncall-autidjmoegkjsqfaaopcibfjpldp/Build/Intermediates.noindex/Pods.build/Debug-iphonesimulator/React-featureflags.build/React_featureflags.DependencyMetadataFileList (in target 'React-featureflags' from project 'Pods')
    cd /Users/kashif/Documents/GitHub/DoctoroncallNew/ios/Pods
    write-file /Users/kashif/Library/Developer/Xcode/DerivedData/doctoroncall-autidjmoegkjsqfaaopcibfjpldp/Build/Intermediates.noindex/Pods.build/Debug-iphonesimulator/React-featureflags.build/React_featureflags.DependencyMetadataFileList

warning: Run script build phase 'Create Symlinks to Header Folders' will be run during every build because it does not specify any outputs. To address this issue, either add output dependencies to the script phase, or configure it to run in every build by unchecking "Based on dependency analysis" in the script phase. (in target 'React-runtimescheduler' from project 'Pods')
warning: Run script build phase 'Create Symlinks to Header Folders' will be run during every build because it does not specify any outputs. To address this issue, either add output dependencies to the script phase, or configure it to run in every build by unchecking "Based on dependency analysis" in the script phase. (in target 'React-RuntimeHermes' from project 'Pods')
/Users/kashif/Documents/GitHub/DoctoroncallNew/ios/Pods/Pods.xcodeproj: warning: The iOS Simulator deployment target 'IPHONEOS_DEPLOYMENT_TARGET' is set to 11.0, but the range of supported deployment target versions is 12.0 to 26.2.99. (in target 'gRPC-Core-grpc' from project 'Pods')
warning: Run script build phase 'Bundle React Native code and images' will be run during every build because it does not specify any outputs. To address this issue, either add output dependencies to the script phase, or configure it to run in every build by unchecking "Based on dependency analysis" in the script phase. (in target 'doctoroncall' from project 'doctoroncall')
warning: Run script build phase '[CP-User] [RNFB] Core Configuration' will be run during every build because it does not specify any outputs. To address this issue, either add output dependencies to the script phase, or configure it to run in every build by unchecking "Based on dependency analysis" in the script phase. (in target 'doctoroncall' from project 'doctoroncall')
warning: Run script build phase 'Create Symlinks to Header Folders' will be run during every build because it does not specify any outputs. To address this issue, either add output dependencies to the script phase, or configure it to run in every build by unchecking "Based on dependency analysis" in the script phase. (in target 'gRPC-Core' from project 'Pods')
warning: Run script build phase 'Create Symlinks to Header Folders' will be run during every build because it does not specify any outputs. To address this issue, either add output dependencies to the script phase, or configure it to run in every build by unchecking "Based on dependency analysis" in the script phase. (in target 'React-debug' from project 'Pods')
warning: Run script build phase 'Create Symlinks to Header Folders' will be run during every build because it does not specify any outputs. To address this issue, either add output dependencies to the script phase, or configure it to run in every build by unchecking "Based on dependency analysis" in the script phase. (in target 'React-domnativemodule' from project 'Pods')
warning: Run script build phase 'Create Symlinks to Header Folders' will be run during every build because it does not specify any outputs. To address this issue, either add output dependencies to the script phase, or configure it to run in every build by unchecking "Based on dependency analysis" in the script phase. (in target 'React-jserrorhandler' from project 'Pods')
warning: Run script build phase 'Create Symlinks to Header Folders' will be run during every build because it does not specify any outputs. To address this issue, either add output dependencies to the script phase, or configure it to run in every build by unchecking "Based on dependency analysis" in the script phase. (in target 'React-jsinspectortracing' from project 'Pods')
/Users/kashif/Documents/GitHub/DoctoroncallNew/ios/Pods/Pods.xcodeproj: warning: The iOS Simulator deployment target 'IPHONEOS_DEPLOYMENT_TARGET' is set to 11.0, but the range of supported deployment target versions is 12.0 to 26.2.99. (in target 'gRPC-C++-gRPCCertificates-Cpp' from project 'Pods')
/Users/kashif/Documents/GitHub/DoctoroncallNew/ios/Pods/Pods.xcodeproj: warning: The iOS Simulator deployment target 'IPHONEOS_DEPLOYMENT_TARGET' is set to 10.0, but the range of supported deployment target versions is 12.0 to 26.2.99. (in target 'BoringSSL-GRPC-openssl_grpc' from project 'Pods')
warning: Run script build phase 'Create Symlinks to Header Folders' will be run during every build because it does not specify any outputs. To address this issue, either add output dependencies to the script phase, or configure it to run in every build by unchecking "Based on dependency analysis" in the script phase. (in target 'React-utils' from project 'Pods')
/Users/kashif/Documents/GitHub/DoctoroncallNew/ios/Pods/Pods.xcodeproj: warning: The iOS Simulator deployment target 'IPHONEOS_DEPLOYMENT_TARGET' is set to 9.0, but the range of supported deployment target versions is 12.0 to 26.2.99. (in target 'RNDeviceInfo-RNDeviceInfoPrivacyInfo' from project 'Pods')
warning: Run script build phase 'Create Symlinks to Header Folders' will be run during every build because it does not specify any outputs. To address this issue, either add output dependencies to the script phase, or configure it to run in every build by unchecking "Based on dependency analysis" in the script phase. (in target 'React-Mapbuffer' from project 'Pods')
note: Run script build phase '[CP-User] [RN]Check FBReactNativeSpec' will be run during every build because the option to run the script phase "Based on dependency analysis" is unchecked. (in target 'React-RCTFBReactNativeSpec' from project 'Pods')
warning: Run script build phase 'Create Symlinks to Header Folders' will be run during every build because it does not specify any outputs. To address this issue, either add output dependencies to the script phase, or configure it to run in every build by unchecking "Based on dependency analysis" in the script phase. (in target 'React-RuntimeCore' from project 'Pods')
warning: Run script build phase 'Create Symlinks to Header Folders' will be run during every build because it does not specify any outputs. To address this issue, either add output dependencies to the script phase, or configure it to run in every build by unchecking "Based on dependency analysis" in the script phase. (in target 'React-RCTRuntime' from project 'Pods')
/Users/kashif/Documents/GitHub/DoctoroncallNew/ios/Pods/Pods.xcodeproj: warning: The iOS Simulator deployment target 'IPHONEOS_DEPLOYMENT_TARGET' is set to 11.0, but the range of supported deployment target versions is 12.0 to 26.2.99. (in target 'leveldb-library-leveldb_Privacy' from project 'Pods')
warning: Run script build phase 'Create Symlinks to Header Folders' will be run during every build because it does not specify any outputs. To address this issue, either add output dependencies to the script phase, or configure it to run in every build by unchecking "Based on dependency analysis" in the script phase. (in target 'ReactCodegen' from project 'Pods')
warning: Run script build phase 'Create Symlinks to Header Folders' will be run during every build because it does not specify any outputs. To address this issue, either add output dependencies to the script phase, or configure it to run in every build by unchecking "Based on dependency analysis" in the script phase. (in target 'BoringSSL-GRPC' from project 'Pods')
note: Run script build phase '[CP-User] [RN]Check rncore' will be run during every build because the option to run the script phase "Based on dependency analysis" is unchecked. (in target 'React-Fabric' from project 'Pods')
warning: Run script build phase 'Create Symlinks to Header Folders' will be run during every build because it does not specify any outputs. To address this issue, either add output dependencies to the script phase, or configure it to run in every build by unchecking "Based on dependency analysis" in the script phase. (in target 'React-Fabric' from project 'Pods')
warning: Run script build phase 'Create Symlinks to Header Folders' will be run during every build because it does not specify any outputs. To address this issue, either add output dependencies to the script phase, or configure it to run in every build by unchecking "Based on dependency analysis" in the script phase. (in target 'React-rendererdebug' from project 'Pods')
warning: Run script build phase 'Create Symlinks to Header Folders' will be run during every build because it does not specify any outputs. To address this issue, either add output dependencies to the script phase, or configure it to run in every build by unchecking "Based on dependency analysis" in the script phase. (in target 'React-rendererconsistency' from project 'Pods')
/Users/kashif/Documents/GitHub/DoctoroncallNew/ios/Pods/Pods.xcodeproj: warning: The iOS Simulator deployment target 'IPHONEOS_DEPLOYMENT_TARGET' is set to 11.0, but the range of supported deployment target versions is 12.0 to 26.2.99. (in target 'gRPC-C++-grpcpp' from project 'Pods')
/Users/kashif/Documents/GitHub/DoctoroncallNew/ios/Pods/Pods.xcodeproj: warning: The iOS Simulator deployment target 'IPHONEOS_DEPLOYMENT_TARGET' is set to 9.0, but the range of supported deployment target versions is 12.0 to 26.2.99. (in target 'abseil-xcprivacy' from project 'Pods')
warning: Run script build phase 'Create Symlinks to Header Folders' will be run during every build because it does not specify any outputs. To address this issue, either add output dependencies to the script phase, or configure it to run in every build by unchecking "Based on dependency analysis" in the script phase. (in target 'abseil' from project 'Pods')
warning: Run script build phase 'Create Symlinks to Header Folders' will be run during every build because it does not specify any outputs. To address this issue, either add output dependencies to the script phase, or configure it to run in every build by unchecking "Based on dependency analysis" in the script phase. (in target 'RNReanimated' from project 'Pods')
warning: Run script build phase 'Create Symlinks to Header Folders' will be run during every build because it does not specify any outputs. To address this issue, either add output dependencies to the script phase, or configure it to run in every build by unchecking "Based on dependency analysis" in the script phase. (in target 'React-microtasksnativemodule' from project 'Pods')
warning: Run script build phase 'Create Symlinks to Header Folders' will be run during every build because it does not specify any outputs. To address this issue, either add output dependencies to the script phase, or configure it to run in every build by unchecking "Based on dependency analysis" in the script phase. (in target 'React-renderercss' from project 'Pods')
warning: Run script build phase 'Create Symlinks to Header Folders' will be run during every build because it does not specify any outputs. To address this issue, either add output dependencies to the script phase, or configure it to run in every build by unchecking "Based on dependency analysis" in the script phase. (in target 'React-defaultsnativemodule' from project 'Pods')
warning: Run script build phase 'Create Symlinks to Header Folders' will be run during every build because it does not specify any outputs. To address this issue, either add output dependencies to the script phase, or configure it to run in every build by unchecking "Based on dependency analysis" in the script phase. (in target 'gRPC-C++' from project 'Pods')
warning: Run script build phase 'Create Symlinks to Header Folders' will be run during every build because it does not specify any outputs. To address this issue, either add output dependencies to the script phase, or configure it to run in every build by unchecking "Based on dependency analysis" in the script phase. (in target 'React-ImageManager' from project 'Pods')
warning: Run script build phase 'Create Symlinks to Header Folders' will be run during every build because it does not specify any outputs. To address this issue, either add output dependencies to the script phase, or configure it to run in every build by unchecking "Based on dependency analysis" in the script phase. (in target 'RCT-Folly' from project 'Pods')
warning: Run script build phase 'Create Symlinks to Header Folders' will be run during every build because it does not specify any outputs. To address this issue, either add output dependencies to the script phase, or configure it to run in every build by unchecking "Based on dependency analysis" in the script phase. (in target 'React-performancetimeline' from project 'Pods')
note: Run script build phase '[CP-User] [RN]Check rncore' will be run during every build because the option to run the script phase "Based on dependency analysis" is unchecked. (in target 'React-FabricComponents' from project 'Pods')
warning: Run script build phase 'Create Symlinks to Header Folders' will be run during every build because it does not specify any outputs. To address this issue, either add output dependencies to the script phase, or configure it to run in every build by unchecking "Based on dependency analysis" in the script phase. (in target 'React-FabricComponents' from project 'Pods')
warning: Run script build phase 'Create Symlinks to Header Folders' will be run during every build because it does not specify any outputs. To address this issue, either add output dependencies to the script phase, or configure it to run in every build by unchecking "Based on dependency analysis" in the script phase. (in target 'React-jsitooling' from project 'Pods')
warning: Run script build phase 'Create Symlinks to Header Folders' will be run during every build because it does not specify any outputs. To address this issue, either add output dependencies to the script phase, or configure it to run in every build by unchecking "Based on dependency analysis" in the script phase. (in target 'React-RuntimeApple' from project 'Pods')
warning: Run script build phase 'Create Symlinks to Header Folders' will be run during every build because it does not specify any outputs. To address this issue, either add output dependencies to the script phase, or configure it to run in every build by unchecking "Based on dependency analysis" in the script phase. (in target 'ReactCommon' from project 'Pods')
warning: Run script build phase 'Create Symlinks to Header Folders' will be run during every build because it does not specify any outputs. To address this issue, either add output dependencies to the script phase, or configure it to run in every build by unchecking "Based on dependency analysis" in the script phase. (in target 'React-FabricImage' from project 'Pods')
warning: Run script build phase 'Create Symlinks to Header Folders' will be run during every build because it does not specify any outputs. To address this issue, either add output dependencies to the script phase, or configure it to run in every build by unchecking "Based on dependency analysis" in the script phase. (in target 'Yoga' from project 'Pods')
warning: Run script build phase 'Create Symlinks to Header Folders' will be run during every build because it does not specify any outputs. To address this issue, either add output dependencies to the script phase, or configure it to run in every build by unchecking "Based on dependency analysis" in the script phase. (in target 'React-NativeModulesApple' from project 'Pods')
error: Internal inconsistency error: never received target ended message for target ID '62' (in target 'React-featureflags' from project 'Pods').
warning: Run script build phase 'Create Symlinks to Header Folders' will be run during every build because it does not specify any outputs. To address this issue, either add output dependencies to the script phase, or configure it to run in every build by unchecking "Based on dependency analysis" in the script phase. (in target 'fmt' from project 'Pods')
warning: Run script build phase '[CP-User] [Hermes] Replace Hermes for the right configuration, if needed' will be run during every build because it does not specify any outputs. To address this issue, either add output dependencies to the script phase, or configure it to run in every build by unchecking "Based on dependency analysis" in the script phase. (in target 'hermes-engine' from project 'Pods')
warning: Run script build phase 'Create Symlinks to Header Folders' will be run during every build because it does not specify any outputs. To address this issue, either add output dependencies to the script phase, or configure it to run in every build by unchecking "Based on dependency analysis" in the script phase. (in target 'React-idlecallbacksnativemodule' from project 'Pods')
warning: Run script build phase 'Create Symlinks to Header Folders' will be run during every build because it does not specify any outputs. To address this issue, either add output dependencies to the script phase, or configure it to run in every build by unchecking "Based on dependency analysis" in the script phase. (in target 'React-graphics' from project 'Pods')
warning: Run script build phase 'Create Symlinks to Header Folders' will be run during every build because it does not specify any outputs. To address this issue, either add output dependencies to the script phase, or configure it to run in every build by unchecking "Based on dependency analysis" in the script phase. (in target 'React-featureflagsnativemodule' from project 'Pods')
warning: Run script build phase 'Create Symlinks to Header Folders' will be run during every build because it does not specify any outputs. To address this issue, either add output dependencies to the script phase, or configure it to run in every build by unchecking "Based on dependency analysis" in the script phase. (in target 'React-featureflags' from project 'Pods')
